word	count
Kṛṣṇa	1093
Manu	568
Brahmā	512
Śiva	502
Hari	448
Vā	414
Pitṛs	273
Viṣṇu	271
Dakṣa	180
Rāma	179
Asura	176
Asuras	163
Agni	162
Śakti	161
gaṇa	161
Rākṣasa	157
Bhaṇḍa	154
Lalitā	149
Dvārakā	142
śrāddha	137
Kaśyapa	135
Bhārgava	130
Kṛṣṇas	126
Arjuna	126
Jarāsandha	122
Nārada	118
Meru	118
Apsaras	115
Rudra	114
Vasiṣṭha	113
Angiras	113
Janapada	111
Narmadā	109
Balarāma	109
Śukra	106
Yakṣa	103
Vānara	102
Bhāratavarṣa	99
Cākṣuṣa	94
Varuṇa	93
Bhṛgu	93
Bṛhaspati	92
Akrūra	91
Pravara	90
Nāga	89
Pṛthu	87
śakti	86
Mathurā	84
Gayā	84
Kauśika	82
Vyāsa	81
Vedas	80
Prajāpati	79
Vaivasvata	78
Kuśadvīpa	78
Bhadrā	78
Devāsura	77
Svāyambhuva	77
Hiraṇyakaśipu	77
Yama	75
Yayāti	74
Sāvarṇa	73
gaṇas	72
Tāmasa	71
Yudhiṣṭhira	71
Śākadvīpa	71
Kamsa	71
Marut	68
Nārāyaṇa	68
Umā	68
Dhruva	67
Trayārṣeya	67
Brāhmaṇa	67
Dānava	66
Aṅgirasa	66
Ketumālā	66
Parīkṣit	62
Gandharvas	61
dvāpara	61
Svārociṣa	60
Krauñcadvīpa	58
Brahmanas	58
Satyabhāmā	57
devī	57
Purūravas	57
Garuḍa	57
Brahmās	56
Parāśara	55
Devakī	55
Paraśurāma	54
Ārṣeya	54
Sāvarṇi	54
Pulaha	53
Agastya	53
Rākṣasas	53
Kardama	53
Plakṣadvīpa	53
Śālmalidvīpa	53
Devī	53
Prahlāda	53
Yamunā	52
Raivata	52
Uttama	52
Sarasvatī	52
Kṣatriya	52
Ātreya	51
Aṅgiras	51
Rudras	51
Vāyu	51
Atri	50
Ugrasena	49
Vindhyas	49
Himālayas	49
Vṛtra	49
Śūra	49
varṣa	49
sabhā	48
Ṛṣabha	48
gotrakāra	48
Syamantapañcaka	47
Marīci	47
Pāṇḍavas	47
Bṛhadratha	47
Rohiṇī	46
Sagara	46
Yakṣas	46
Gangā	46
Rājasūya	45
Nāgas	45
Vāmana	44
Rukmiṇī	44
Madhu	44
Yadu	43
Śuka	43
Tuṣita	43
Haris	43
Purāṇa	43
Priyavrata	43
Indras	42
Sūrya	42
Piśācas	41
Yadus	41
Viśvāmitra	41
Śveta	41
Kṛta	40
Rohita	40
Mānasa	40
Bāṇa	39
Bhārgavas	39
Gomanta	39
Śrāddha	39
Ṛkṣa	38
Vaikuṇṭha	38
Danu	38
Pārvatī	38
Kṣatriyas	38
Yājñavalkya	38
Hari<sup>1</sup>	37
Budha	37
Bhadrāśva	36
Ketumāla	36
Amitābha	35
Bhīma	35
Rājaṛṣi	35
Benares	34
Kailāsa	34
Sutapa	34
Uddhava	33
Rāvaṇa	33
Pradyumna	33
Nimi	33
Mithilā	33
Brāhmaṇas	33
Kāma	33
Purohita	33
Mahendra	32
Kurukṣetra	32
Jamadagni	32
Kādraveya	32
Cyavana	32
Puruṣa	31
Aditi	31
Gopas	31
Kapila	31
Śrutaṛṣi	31
Vijaya	31
Sūta	30
Kārtavīrya	30
Devayānī	30
Ikṣvāku	30
Aśvins	30
Śivas	30
Raudrāśva	30
Ūrvaśī	30
Tāraka	29
Rāmas	29
Sāma	29
Vāsudeva	29
Lakṣmī	29
Bhajamāna	29
Satyā	29
Bhadra	29
Yādava	28
Śuci	28
Jambūdvīpa	28
Kumāra	28
Danus	28
Brahmaloka	28
Mauneya	28
Sādhya	28
Āditya	28
Tārakāmaya	28
Vedavyāsa	28
Devaka	28
Śrī	28
gotrakāras	28
Maṇivara	28
Pra-	28
Mantrakṛt	28
Bhautya	27
Māyā	27
Śarmiṣṭhā	27
Diti	27
Draupadī	27
Pratardana	27
Yajña	27
Vidura	26
Maheśvara	26
Aniruddha	26
Kāśī	26
Vraja	26
Jāmbavatī	26
Dvāpara	25
Śiva<sup>1</sup>	25
Kṛṣṇa<sup>1</sup>	25
Varṇa	25
Viśravas	25
Maṇibhadra	25
Citraratha	25
Vighneśvara	25
Kṛṣṇa<sup>2</sup>	24
āśrama	24
Dakṣas	24
Bhīṣma	24
Mādrī	24
Raucya	24
Divodāsa	24
Haihaya	24
Chāyā	24
Mahā-	24
Āyu	23
Pulastya	23
Vasus	23
Śūdras	23
Havirdhāna	23
Janamejaya	23
Matsya	23
Daśaratha	23
Vṛṣṇi	23
Vṛṣṇis	23
dvīpa	23
Indra<sup>1</sup>	23
Auttama	23
Vināyaka	23
Satyavrata	23
Ṛg	23
Khaśā	22
Bhoja	22
Brahmā<sup>2</sup>	22
Kāśyapa	22
Bhā	22
Bāṇas	22
Hari<sup>3</sup>	22
Mandara	22
Revatī	22
Hiraṇyākṣa	22
Nīla	22
Śibi	22
Yudhiṣṭhiras	22
Śālva	22
Brah-	21
Gopis	21
Manu<sup>1</sup>	21
Kuśa	21
Mlecchas	21
Citraketu	21
Hṛdīka	21
Brahma-	21
Ādityas	21
Sindhu	21
Sumati	21
Ilāvṛta	21
Pātāla	21
Purañjana	21
Satya	21
Vaiśya	21
Puṇyajanī	21
Medhātithi	21
Dhṛtarāṣṭra	21
Sītā	20
nāga	20
dānava	20
Prabhāsa	20
Urvaśī	20
ślokas	20
Anu	20
Yaśodā	20
Uttānapāda	20
Pāñcāla	20
Haryaśva	20
Pāriyātra	20
Varāha	20
Andhaka	20
Jaya	20
Janaka	20
Rāhu	20
Ambarīṣa	20
Gaya	20
Atharva	20
Vidarbha	20
Āndhra	20
Bharadvāja	20
Sudyumna	20
Vasudevas	20
Sāmba	20
Khaśa	20
Nṛsimha	20
Nandana	20
Uśīnara	20
śrāddha<sup>2</sup>	20
Śvaphalka	19
Hastināpura	19
Satī	19
Bhairava	19
Bhūta	19
Bhārata	19
Brahmadatta	19
Naraka	19
Kalā	19
Vindhya	19
Maruts	19
Kāśi	19
Prakṛti	19
Sahya	19
Dhṛti	19
Mahādeva	19
Kratu	19
Ilā	19
Sukha	19
tīrtham	19
Śākalya	19
Śaśabindu	19
Ṛṣika	19
Narasimha	19
Syamantaka	18
Tretāyuga	18
Mṛtyu	18
Śantanu	18
Ajita	18
Aruṇa	18
Harita	18
Kāla	18
Bhaṇḍas	18
Yādavas	18
Indra<sup>2</sup>	18
Nahuṣa	18
Yavanas	18
Deva-	18
Mucukunda	18
Bhavya	18
Sutalam	18
Viṣṇus	18
śaktis	18
Vṛka	18
Nara	18
Pitṛs<sup>2</sup>	18
Samhitā	18
Bāṣkala	17
Brahmā<sup>1</sup>	17
Kaṇva	17
Viśvarūpa	17
Siddhas	17
Gautama	17
Sātvata	17
Citraka	17
Yuvanāśva	17
Virocana	17
Śatarūpā	17
Aurva	17
Vaiśyas	17
Caidya	17
Bhāgavata	17
Māgha	17
Vairāja	17
Satrājita	16
Śeṣa	16
Janārdana	16
Brahmiṣṭha	16
Kāñcī	16
Prayāga	16
Satyavatī	16
Mitravindā	16
Gaurī	16
Sāraṇa	16
Kṛṣṇa<sup>4</sup>	16
Ekārṣeyas	16
Śūdra	16
Devajanī	16
Havya	16
Vipracitti	16
Hariścandra	16
Vāsiṣṭha	16
Daityas	16
Ajamīḍha	16
Ṛbhu	16
Śaktis	16
Rasātala	16
Suhotra	16
Lankā	16
Īśvara	16
Magadha	16
Pracetas	16
Vibhu	16
Apsarasas	16
Prayāgā	16
Gāndinī	15
Kaṃsa	15
Nala	15
Havyavāhana	15
Svāhā	15
Aila	15
Vāli	15
Viṣṇu<sup>1</sup>	15
Pṛthus	15
Sudevī	15
Balis	15
Rohiṇi	15
Gāndhāra	15
Kuntī	15
Mādhava	15
Droṇa	15
Uttara	15
Kālanemi	15
Dakṣiṇā	15
Gaṇeśa	15
Kāmeśvara	15
Kumuda	15
Naimiṣa	15
Ṛṣi	15
Mahāpadma	15
Śakuni	15
Samjñā	15
Dānavas	15
vatī	15
Viśvakarman	15
Hiraṇya-	15
Puṣkaradvīpa	15
Tārā	15
Mārkaṇḍeya	15
Kunti	14
Kṛtavarman	14
Hayagrīva	14
deśa	14
Piśāca	14
Viṣṇu<sup>3</sup>	14
Paurava	14
Ṛtviks	14
Uśanas	14
Dīrghatamas	14
Kṛśāśva	14
Candra	14
Ayodhyā	14
Plakṣa	14
Śaunaka	14
Marutta	14
Sāvitrī	14
Baladeva	14
Surabhi	14
Svarbhānu	14
Māriṣā	14
Puramjana	14
Vārāha	14
Jambha	14
Krodhā	14
Sādhyas	14
Jāmbavān	14
Yogamāyā	14
Kulaparvata	14
Lokapāla	14
Viśvedeva	14
Janhu	14
Tārakas	14
Samkṛti	14
Caitra	14
Piṭrs	14
Aśvamedha	13
Satya-	13
Gaṅgā	13
Naḍvalā	13
Ūrjā	13
Aja	13
Niṣadha	13
Bha-	13
Vītihotra	13
Bhojā	13
Dyutimān	13
Subhadrā	13
Krauñca	13
Kālindī	13
Lakṣmaṇā	13
Rāma<sup>3</sup>	13
Kṛṣṇa<sup>3</sup>	13
Himavān	13
Vai-	13
Jayādeva	13
Śiva<sup>2</sup>	13
pañcaka	13
Govardhana	13
Kinnara	13
Purañjaya	13
Yātudhāna	13
Kalki	13
Garga	13
Madirā	13
Vasu-	13
Devamīḍha	13
Śukras	13
Pramati	13
Vaiṣṇava	13
Hāstinapura	13
Kālīya	13
Kuṇḍina	13
Yāma	13
ṛṣis	13
Purāṇas	13
guṇas	13
daṇḍa	13
Pralaya	13
Pitṛs<sup>3</sup>	13
Sumedhasa	13
Viraja	13
Paraśu-	12
Śatadhanvan	12
Balarāma<sup>1</sup>	12
Pārijāta	12
Tripura	12
Ūru	12
Manu<sup>2</sup>	12
Burnouf	12
Menā	12
Maharloka	12
Brahmā<sup>3</sup>	12
Sutāra	12
Puṣkara	12
Āpa	12
Ūrja	12
Rati	12
Vasava	12
Saimhikeya	12
Babhru	12
Jarā-	12
Dvāraka	12
kṣetra	12
Sudharmāṇa	12
Prajāpatis	12
Madhyadeśa	12
Kinnaras	12
Girivraja	12
Bhārata-	12
Kaliyuga	12
Maurya	12
Tāmrā	12
Aśvinī	12
Kāvya	12
Rukmi	12
Keśinī	12
Dakṣiṇāpatha	12
Prāṇa	12
Vedaśiras	12
Syamanta-	12
Takṣaka	12
Rukmiṇi	12
Sutala	12
Sudhāmāna	12
Kuvalayāśva	12
Brahmakṣetra	12
Satyadhṛti	12
Gokarṇa	12
Bhīmasena	12
Ārṣeyapravara	12
Antarikṣa	12
Keśidhvaja	12
Cakraratha	12
Pāṇḍu	12
Pauṣyañji	12
Māgadha	12
Yavana	12
Śiśupāla	12
Bhangakāra	12
Maṇi-	12
yajña	12
Gāyatrī	12
Vaiśampāyana	12
Anamitra	12
Pārvaṇa	12
Ābhūtaraya	12
Ṛṣyavān	12
rāma	11
avatār	11
Āgneyī	11
Pīvarī	11
Ruci	11
Paulastya	11
Sumantu	11
Vivasvān	11
Hari<sup>4</sup>	11
Śrutakīrti	11
Kṣema	11
Asuras<sup>1</sup>	11
Kamsas	11
Śrutaśravas	11
Nikumbha	11
Vāruṇī	11
Hemanta	11
Śanaiścara	11
Indraprastha	11
Sagaras	11
Vatsa	11
Kṣemaka	11
Jayadratha	11
Vikukṣi	11
Devala	11
Śambhu	11
Sumitra	11
Pitṛs<sup>1</sup>	11
Vaiśvānara	11
Duṣyanta	11
Gaṇas	11
Lalitās	11
Ṛcīka	11
Śaṇḍa	11
kalā	11
Viśvedevas	11
Sṛñjaya	11
varṇa	11
Kamsā	11
Tripravara	11
Śitoda	11
māyā	11
Yajur	11
Kriyā	11
Bhūtas	11
Haihayas	11
muhūrta	11
Parāśaras	11
mokṣa	11
Māndhāta	11
Pūru	11
Mind-born	11
Śambara	11
śrāddha<sup>1</sup>	11
Apsarasa	11
Akrūras	10
nakṣatra	10
Umās	10
Agnis	10
Śiṣṭa	10
Karṇa	10
Sarūpā	10
Dilīpa	10
Pārāvata	10
Vāmadeva	10
Satyaka	10
Namuci	10
Atris	10
Śatānīka	10
Arka	10
Bhaya	10
Bṛhadbala	10
maṇḍala	10
Upamadgu	10
Surabhī	10
Jarāsandhas	10
Hemakūṭa	10
Dyumat	10
Kṣetraja	10
Duryodhanas	10
Rāma<sup>2</sup>	10
Mudgala	10
Prabhā	10
Devahūtī	10
Mahiṣa	10
Jayantī	10
Airāvata	10
Bhāratavarṣa<sup>1</sup>	10
Krodhavaśa	10
Pauṇḍraka	10
Supāra	10
śilā	10
Krodhavaśā	10
Suratha	10
Gārgya	10
Devarāta	10
Vidyādharas	10
Rukminī	10
Viśāla	10
Jana-	10
Sugrīva	10
Hiraṇyanābha	10
Viś-	10
kaśipu	10
Vṛṣa	10
Ekārṣeya	10
dvā-	10
Aṣṭaka	10
maṇḍalam	10
Binducakra	10
Sudāsa	10
Yajus	10
Ṛtvik	10
Gaṇa	10
Tvaṣṭri	10
Yojanas	10
Śatrughna	10
Dakṣiṇa	10
Śivapuram	10
Hari<sup>2</sup>	9
Dakṣa<sup>1</sup>	9
Vīrabhadra	9
Śraddhā	9
Pitṛ	9
Vidyādhara	9
Sudarśana	9
Amarakaṇṭaka	9
Svāyam-	9
Vicitravīrya	9
Pṛthuka	9
Kṛti	9
Ghṛtācī	9
Soma<sup>2</sup>	9
Ṛṣis	9
Kaśyapa<sup>1</sup>	9
Mārtāṇḍa	9
Gayā<sup>2</sup>	9
Dṛṣadvatī	9
Vaibhrāja	9
Śini	9
Vṛṣabha	9
Sanatkumāra	9
rājaṛṣi	9
Citralekhā	9
Vijitāśva	9
Mārīca	9
Dundubhi	9
Trayambaka	9
Jaigīṣavya	9
Nābhāga	9
Suvrata	9
Mārgaśīrṣa	9
sādhya	9
Kaśyapas	9
Pṛthu<sup>1</sup>	9
mahānadī	9
Tripuram	9
Devāpi	9
Lohita	9
Kāvyas	9
Mamatā	9
Barhiṣad	9
Śaṅkara	9
Gandhamādana	9
Hrāda	9
Vatsara	9
Bhojas	9
Viśālā	9
Vīraka	9
Jyāmagha	9
Indrapramati	9
Śuktimat	9
Viṣaṅga	9
Viṣṇu<sup>4</sup>	9
Atalam	9
Śrīpuram	9
Dhara	9
Śaṭha	9
Āgnīdhra	9
nāḍis	9
Satrājit	9
Sukarma	9
Bhīṣmaka	9
Dhṛṣṭaketu	9
Veda<sup>2</sup>	9
Śarat	9
Nabha	9
Vamśavartin	9
Savana	9
Ākūtī	9
Piṇḍa	9
Ugra	9
Sukumāra	9
Pradyota	9
Jayādevas	9
Kauthuma	9
Parjanya	9
devagaṇas	9
Prasūta	9
Yāmadeva	9
Dvā-	8
Suyajña	8
Vaiśākha	8
Pāṇḍya	8
Bhagavān	8
lokapāla	8
Śarva	8
Surūpā	8
Acchodā	8
Janaloka	8
Hanumān	8
Añjana	8
Vibhrāja	8
Punarvasu	8
Dattātreya	8
Yudhiṣ-	8
Paraśurāmas	8
Puṣya	8
Yudhājit	8
piśāca	8
Viśākha	8
Śivā	8
Rukmin	8
Uṣā	8
Sātyaki	8
pāda	8
Suṣeṇa	8
Dyutimat	8
Sambhūti	8
Sūnṛtā	8
Muni	8
Āhuka	8
Durdama	8
Mohinī	8
Vāsuki	8
Vighneśa	8
Brahmadhāna	8
Ikṣvākus	8
Tvaṣṭā	8
Tri-	8
Sampāti	8
Pāṇḍava	8
Vṛkadevī	8
Tripurāri<sup>2</sup>	8
Haryaśvas	8
Meru<sup>2</sup>	8
Viśva-	8
Virajā	8
Vibhāvasu	8
Satyajit	8
Vājin	8
Rathītara	8
Kimpuruṣa	8
Sahiṣṇu	8
Tṛṇabindu	8
mahānadi	8
Varuṇas	8
Indrāṇī	8
Govinda	8
Vasiṣṭhas	8
Utkala	8
Bhānu	8
Bṛhadaśva	8
Puṣkariṇī	8
Viśvāmitras	8
Brahmā<sup>4</sup>	8
Bala-	8
Kaca	8
Keśava	8
Śakuntalā	8
Durmada	8
Prācīnabarhis	8
Pathya	8
Reṇukā	8
Jaṭāyu	8
Kāmākṣī	8
Supārśva	8
Ditī	8
Talam	8
Brahmavādin	8
Hāstināpura	8
Kāverī	8
kuśa	8
Kaṃsā	8
Kakudmi	8
Gādhi	8
Bṛhas-	8
Suyaśā	8
Jāmbavan	8
Tatvalam	8
Śankara	8
Kauśalya	8
Lāngala	8
Nandas	8
Kṣīroda	8
dāna	8
Purukutsa	8
Sunītha	8
yajñas	8
Gadādhara	8
Śunaka	8
Svara	8
Ahalyā	8
Bhagīratha	8
Dhṛṣṭa	8
Treta	8
Viṣṇu<sup>2</sup>	8
Meru<sup>1</sup>	8
Devagandharva	8
Tīrtham	8
Videha	8
Pauravī	8
Senajit	8
Brāhma	8
Amṛtamathana	8
Vāstu	8
Gāndhārī	8
Romaharṣaṇa	8
Kūrma	8
Mudrādevī	8
Śatajit	8
Jaimini	8
tīrtha	7
yāga	7
Ṛtuparṇa	7
Brahmarākṣasī	7
Mṛga	7
Puloma	7
Aṅgāraka	7
Āgneya	7
Jambūdvīpa<sup>2</sup>	7
Ulmuka	7
Bṛhatī	7
Gautamas	7
Pṛthuśravas	7
Suhotra-	7
Ajāmila	7
Cāraṇas	7
Lokāloka	7
Jyotiṣmat	7
Pṛthā	7
Alarka	7
Durvāsas	7
drāśva	7
Upadānavī	7
Cakrarājaratha	7
Prītī	7
Tumburu	7
Bhojakaṭa	7
Śoṇitapura	7
Aniruddhas	7
Śyāma	7
Vākā	7
Vitalam	7
Rajatanābha	7
Sutapas	7
Dvāravatī	7
Bharatāgni	7
Ariṣṭanemi	7
Brahmavādinī	7
Plakṣa-	7
Bhauvana	7
Ṛtu	7
Śukradeva	7
Kṣamā	7
Cakravāka	7
Sāmaga	7
Niramitra	7
Dhundhu	7
Venas	7
Arundhatī	7
Śālmali	7
Nar-	7
madā	7
Abhimanyu	7
Śukla	7
Ajitadeva	7
Vivasvat	7
Sukanyā	7
Menakā	7
Pṛthusena	7
Nābhi	7
Dhiṣaṇā	7
Ānarta	7
Bāṣkali	7
Cāk-	7
ṣuṣa	7
Śākadvīpam	7
Ṛtus	7
Pañcārṣeya	7
Rākṣasī	7
Bhaṇḍa<sup>2</sup>	7
Mahābhadra	7
Bṛhadbhānu	7
Himālayas<sup>1</sup>	7
Dīkṣā	7
Nīpa	7
Kuvalāśva	7
Śata-	7
Śiśira	7
Trayārṣeyas	7
Devayāni	7
Aṇuha	7
Satyahita	7
Kṣudraka	7
Amarāvatī	7
Parā	7
Uttarakuru	7
ārṣeya	7
Hṛdika	7
Balāhaka	7
Bhā-	7
Mahākāla	7
Pulomā	7
Pravīra	7
Vedins	7
Śruta	7
Kāliya	7
Ṛṣyavat	7
Tvaṣṭa	7
Senājit	7
Damaghoṣa	7
Dhanaka	7
Arcis	7
Somadatta	7
Prabhāsā	7
Ratī	7
Viśvakarmā	7
Nṛga	7
Druhyu	7
Bhīmaratha	7
Dāruka	7
Candra-	7
Sudhṛti	7
Durgā	7
Rāma<sup>1</sup>	7
Kṣetrajña	7
Manyu	7
Turvasu	7
vidyā	7
Nandivardhana	7
Tīrtha	7
Prasena	7
mārga	7
aśvamedha	7
Kṛpa	7
śakti<sup>2</sup>	7
Śunga	7
Lakṣmaṇa	7
Geyacakra	7
Kiricakra	7
Pracetasas	7
Veda-Vyāsa	7
Mukhya	7
Phālguna	7
Balarāma<sup>2</sup>	7
Śiva<sup>3</sup>	7
Bāhu	7
Dharma-	7
Vidyunmāli	7
Pāra	7
Kṛtayuga	7
Pātālam	7
Bhṛgus	7
Mudrā	7
Rudraloka	7
Parikṣit	7
Kardamas	7
Chh	7
Sabhā	7
Trayī	7
Vidiśa	7
toraṇa	7
Māyāvatī	7
Parvas	7
Sumatī	7
Aruṇoda	7
Vāruṇi	7
Samhitās	7
Supratīka	7
ṣaṇa	7
maṇṭapa	7
sādhu	7
Brāhman	6
Paurāṇika	6
Sātvatas	6
Rāja-	6
Jayanta	6
Devā-	6
Gayā<sup>1</sup>	6
Ānakadundubhi	6
Indradyumna	6
vamśa	6
Pāvaka	6
Dakṣa<sup>2</sup>	6
Pṛśni	6
Dhūminī	6
Utathya	6
Aṅgirasas	6
devagaṇa	6
Acchoda	6
Nalinī	6
Kṣa-	6
Yamas	6
Tuṣitā	6
Bhavamālinī	6
Kevala	6
Aṭṭahāsa	6
Kṛtvī	6
Ādya	6
Brahmā<sup>5</sup>	6
ārṣeyapravara	6
Datta	6
Śānti	6
Jayatsena	6
Aṅga	6
Nighna	6
Cakṣu	6
An-	6
Jayanti	6
Kaṅka	6
Kukura	6
Andhakas	6
devīs	6
Rājarāja	6
Kṛṣṇa<sup>7</sup>	6
Kāmadeva	6
Ātman	6
Śukrācārya	6
Dharmarāja	6
Bṛhad-	6
Antināra	6
Brāh-	6
Ambikā	6
Citra	6
Pañcajana	6
Sarayū	6
Divākara	6
Candragupta	6
Sannati	6
Citrasena	6
Lord<sup>1</sup>	6
Bali<sup>2</sup>	6
Śaryāti	6
Gayāsura	6
Nāradas	6
Veda<sup>1</sup>	6
Śakas	6
Kārtavīryārjuna	6
Ghṛtapṛṣṭha	6
Jayasena	6
Māruta	6
Trivikrama	6
Lokapālas	6
Kapilas	6
Heti	6
Paila	6
Vasudeva<sup>1</sup>	6
Vajranābha	6
Samrāṭ	6
Suśānti	6
Upa-	6
maṇa	6
Rucaka	6
Uṣṇa	6
Prasenajit	6
Brahmāvarta	6
Svā-	6
Kṛṣṇa<sup>5</sup>	6
Hlādinī	6
Jarāsan-	6
Gomanta<sup>1</sup>	6
Sunakṣatra	6
Kṛtamjaya	6
Karavīrapura	6
Manmatha	6
Rudra<sup>1</sup>	6
Samudra	6
Vānaras	6
Dantavaktra	6
Adhiratha	6
Parvata	6
Syamantapañ-	6
Maudgalyas	6
nakṣatras	6
Sam-	6
Caidyoparicara	6
Kāśa	6
Kośala	6
Kalki<sup>2</sup>	6
Vanhi	6
Devīs	6
Māyā-	6
samhitā	6
Kosala	6
Somaka	6
Varṣa	6
Hira-	6
Yudhiṣṭhīra	6
Aśvatthāma	6
Pūtanā	6
Gopīs	6
Jarā	6
Khāṇḍikya	6
Kumbhakarṇa	6
Vindhyaśakti	6
Vastāvana	6
Vālakhilyas	6
Pauruṣeya	6
Pratikṣatra	6
Ugrāyudha	6
yugādi	6
bhūtas	6
Kṛṣṇa<sup>6</sup>	6
Brahmaṇas	6
piṇḍa	6
Vaidarbhī	6
Viśveśā	6
Bhuva	6
Dvārakā<sup>1</sup>	6
muhūrtas	6
Savitā	6
Marutgaṇa	6
Viṣṇuloka	6
Rājasūya<sup>2</sup>	6
Puṣṭi	6
Sanaka	6
Naiṣadha	6
Bṛhanmanas	6
Lalitā<sup>1</sup>	6
Paśupati	6
Lavaṇa	6
Brahmadhana	6
Praṇava	6
Niṣāda	6
Viṣanga	6
Adbhuta	6
Bhādrapada	6
Durvāsa	6
Viśvakarma	6
Himālayan	6
Ākāśa	6
Mahāvīrya	6
Rājaṛṣi<sup>2</sup>	6
Puṇḍra	6
Śoṇāśva	6
Gāndharva	6
Kalāpagrāma	6
Sumana	6
Puṣpārṇa	6
Dvivida	6
Kṛṣṇadvaipāyana	6
Śamīka	6
Virāṭ	6
Madhyamādhvaryu	6
Nārada<sup>2</sup>	6
Kubera<sup>2</sup>	6
Madana	6
Vṛṣala	6
Aditī	6
Bharmyāśva	6
Antaka	6
Arkāgni	6
Pāñcālas	6
Pratiṣṭhāna	6
ācārya	6
Puṣpavāhana	6
Sukarmāṇa	6
Brahmam	6
Subāhu	6
Jīmūta	6
Vaidyuta	6
Pradhāna	6
Brahmacārin	6
Śaibya	6
Āṣāḍha	6
Maruts<sup>2</sup>	6
śālā	6
Lokākṣi	6
Viśvā	6
Succhāyā	6
Sunaśśepa	6
amśa	6
Triśanku	6
Hiraṇyakaśipu<sup>2</sup>	5
Vyāsa<sup>1</sup>	5
Devavān	5
Ayutāyu	5
Laṅkā	5
Devaṛṣi	5
Aśvattha	5
Manu<sup>3</sup>	5
Śūli	5
Dhiṣṇi	5
Bṛndāvana	5
Sunīthā	5
Svadhā	5
Śūrasenas	5
Tripurāri	5
Piṇḍāraka	5
Smṛti	5
Kuru-	5
Ketumān	5
Purujit	5
Balāka	5
Hastin	5
Śiśumāra	5
Sunaya	5
Himsā	5
Nikṛti	5
Rocanā	5
Vāyu<sup>2</sup>	5
Vāsava	5
Manojava	5
Dhātā	5
Vinda	5
Tretā	5
Cākṣusa	5
Suparṇa	5
Bhuvarloka	5
Āḍi	5
Hari<sup>6</sup>	5
Manasyu	5
Upaplāvya	5
Māndhātṛ	5
Sāgaras	5
Danu<sup>1</sup>	5
Garuḍa<sup>1</sup>	5
Danāyuṣa	5
Māhiṣmatī	5
Hema-	5
Kirātas	5
Ditis	5
Hiraṇyagarbha	5
Śakti<sup>1</sup>	5
Vrātyas	5
Ābhīras	5
Anila	5
Mūlaka	5
Nava-	5
Amśumān	5
yakṣa	5
Gupta	5
Brindāvana	5
Devī<sup>2</sup>	5
Devahūti	5
Revata	5
Simhikā	5
Yadus<sup>2</sup>	5
Lambodara	5
Bhaṇḍa<sup>1</sup>	5
Simha	5
Bhavānī	5
Gāndini	5
Devagaṇa	5
Hiraṇyakaśipus	5
Mārkaṇḍeyas	5
Drāviḍa	5
Pāvanī	5
Sāmbas	5
Brahmaṛṣi	5
Suruci	5
Satyas	5
Brahmasāvarṇi	5
Viṣvaksena	5
Agastya<sup>2</sup>	5
Wilsons	5
Aśmaka	5
Bhauma	5
matī	5
Puṇḍarīkā	5
Ūṣā	5
Brahmaṛṣis	5
Nidāgha	5
Dakṣasāvarṇi	5
Asita	5
Sārvabhauma	5
Śiśunāgas	5
Satva	5
Sañjaya	5
Śākya	5
Kaṇḍu	5
Kṛta-	5
Bṛhati	5
Sālmalidvīpa	5
Laukikya	5
Prajāpati-	5
Kāśirāja	5
Kali<sup>3</sup>	5
Krodha	5
Duritakṣaya	5
Bhadrakālī	5
Akṣara	5
Sudakṣiṇa	5
Kai-	5
Kṛttikas	5
Devakūṭa	5
Pitṛs<sup>4</sup>	5
Mahātalam	5
Bāhyaka	5
Citra-	5
plakṣa	5
Maunas	5
Bāhlikas	5
Mahādhṛti	5
Ruk-	5
Añjanā	5
Vidarbhas	5
Balarāmas	5
Rukmis	5
Kujambha	5
Hara	5
Rāvaṇa<sup>2</sup>	5
Ajaka	5
Sīradhvaja	5
Uparicara	5
Nakuli	5
Kuhū	5
Malla	5
Kumbhāṇḍa	5
Indrasena	5
sūkta	5
Drupada	5
Yavīnara	5
Kṛmi	5
Vedi	5
Mucukundas	5
Viśukra	5
Bhānumat	5
Keśin	5
Rasātalam	5
Vibhīṣaṇa	5
Kumārī	5
Prajāpati<sup>1</sup>	5
Suvīra	5
Khara	5
Dhūmra	5
Mānasa<sup>1</sup>	5
Hasti	5
Viṣ-	5
samsāra	5
Dhar-	5
Arjuna<sup>1</sup>	5
Somādhi	5
Śiśunāka	5
Gayāśilā	5
Vṛṣalas	5
Godāvarī	5
Āśvayuja	5
Gaṇeśvara	5
ākāśa	5
Angīras	5
Ripu	5
Pṛthulākṣa	5
Mārīṣā	5
Nakṣatra	5
Vāleya	5
Agāvaha	5
Nariṣyanta	5
Sṛṣṭi	5
Lalitāpīṭha	5
Vasumat	5
Kanka	5
Jayadevas	5
Mahāratha	5
Jyeṣṭha	5
Vapuṣmān	5
Śāstras	5
Vairājas	5
guṇa	5
Bṛhaspati<sup>1</sup>	5
Śūnyaka	5
Tālajangha	5
Dhenuka	5
mahā-	5
Anaraṇya	5
Trivarga	5
Śukra<sup>1</sup>	5
Sadasyas	5
Asiknī	5
Puṣkaradvīpa<sup>2</sup>	5
Viśoka	5
Āngirasa	5
Rathitara	5
Divaspati	5
Rambhā	5
Hiraṇyaretas	5
Kabandha	5
Bhū	5
Raji	5
Caitraratha	5
Mathurā<sup>2</sup>	5
vīrya	5
Hiraṇyakaśipu<sup>3</sup>	5
Khyātī	5
Niyatī	5
Madhuvana	5
Mahānandi	5
Antardhāna	5
Raurava	5
Jātūkarṇya	5
Sānkhya	5
Padma	5
Daṇḍapāṇi	5
Nirṛti	5
Ganges<sup>2</sup>	5
Śrāddhadeva	5
Rukmakavaca	5
Ṛṣā	5
Tapasya	5
himsā	5
Paulomas	5
Samhitas	5
Udgītha	5
Triśiras	5
Śukī	5
Anuhrāda	5
yaṇa	5
Dyumatsena	5
Benares<sup>4</sup>	5
Kālī	5
Lomaharṣaṇa	5
Damana	5
Śakti<sup>2</sup>	5
Angāraka	5
Praheti	5
Kaiṭabha	5
Sureṇu	5
Aśvapati	5
MOTILAL	5
BANARSIDASS	5
grāmaṇi	5
Vitala	5
Sukhā	5
Asamanjasa	5
Samhatāśva	4
bhāmā	4
sūya	4
Somaśarman	4
Śuklapakṣa	4
Parāśakti	4
Vaikhānasa	4
Vātāpi	4
Malayadhvaja	4
Pāṇḍyan	4
Pavamāna	4
Araṇi	4
Prajā-	4
śākhā	4
Śuṅga	4
Jātūkarṇa	4
Viśvajit	4
Aṅgada	4
Rāma<sup>4</sup>	4
Samvarta	4
Pratihartā	4
Kūṣmāṇḍa	4
Nandivar-	4
Kallolaha	4
Cakra-	4
Paramāṇu	4
Nīpas	4
Anasūyā	4
Praḥlāda	4
Dambha	4
Diviratha	4
Śākha	4
Soma<sup>1</sup>	4
Kapotaroman	4
Carakādhvaryu	4
Duryo-	4
Gomanta<sup>3</sup>	4
Sinīvāli	4
Tārkṣya	4
Kakustha	4
Vasumitra	4
Vāsu-	4
Śuṣkarevatī	4
Dakṣiṇāgni	4
Kuraṇḍa	4
Śakrajit	4
Rantibhāra	4
Kailāsa<sup>2</sup>	4
Indra<sup>4</sup>	4
Mārkaṇ-	4
Sudyu	4
Uttarā	4
Parīkṣit<sup>2</sup>	4
Aśvini	4
Mālyavat	4
Rudrakoṭi	4
Kurukṣetra<sup>2</sup>	4
Śukra<sup>3</sup>	4
Bali<sup>1</sup>	4
Susandhi	4
Sahasvān	4
rāja	4
Supakṣa	4
Sarasvati	4
Pārvati	4
Saha	4
Haviṣmanta	4
Udaka	4
Dullola	4
Setu	4
Kāmadhenu	4
Uragas	4
Āpava	4
Khāṇḍava	4
Ābhiras	4
Lalitā<sup>2</sup>	4
Ajātaśatru	4
Kubera<sup>1</sup>	4
Sāndīpani	4
Purañjayas	4
Kalmāṣapāda	4
Kambala	4
Śami	4
Parīkṣit<sup>4</sup>	4
dānavas	4
Puruṣottama	4
Kambalabarhis	4
Piṇḍā-	4
Eka-	4
vādin	4
Kaśyapagotrakaras	4
Samyāti	4
Śaradvat	4
Nakta	4
Jambūdvīpa<sup>1</sup>	4
Kārta-	4
mahāratha	4
Ūrjasvatī	4
Rāhus	4
Pūrva	4
Magha	4
Iśvara	4
Sukarman	4
Śamsya	4
Prapitāmaha	4
Mān-	4
Mātali	4
Veda-	4
Cāṇūra	4
Parā-	4
Tripu-	4
Uru-	4
Agnīdhra	4
vān	4
Viśvasaha	4
Svarvīthi	4
Pavana	4
Parīk-	4
Pulindaka	4
Divamjaya	4
Prastāva	4
Badari	4
Devabhāga	4
Rudrasāvarṇi	4
Sutārā	4
Edn	4
Purāṇa<sup>1</sup>	4
Aparṇā	4
Kārtikeya	4
Urukṣava	4
Dhātrī	4
Yayātī	4
Vyuṣṭa	4
Sanadvāja	4
Asuras<sup>2</sup>	4
Devātithi	4
Narmadā<sup>2</sup>	4
Bodhya	4
Śikhaṇḍi	4
Nalakūbara	4
Sudhanvan	4
rakā	4
Śāntā	4
Romapāda	4
Syaman-	4
tapañcaka	4
Urukṣaya	4
Irāvatī	4
Ugrasena<sup>1</sup>	4
Pralamba	4
Anenas	4
Cakṣus	4
Bharatas	4
Gomatī	4
Mahānadī	4
yoginī	4
Durukṣaya	4
Bindusaras	4
Varṣaparvata	4
Krodhā-	4
Aśvatara	4
Devabāhu	4
Śākadvīpa<sup>1</sup>	4
Arjuna<sup>5</sup>	4
Āṇḍira	4
Gatī	4
Pūrṇiman	4
Surā	4
Yājña-	4
Bheda	4
Śruti	4
Lakṣ-	4
Karūṣa	4
lāsa	4
Kālanemī	4
Vāgīśī	4
Garuḍas	4
Kadru	4
Balarāma<sup>3</sup>	4
Viṣnu	4
Kāśya	4
Śuktimanta	4
Madhyadeśa<sup>1</sup>	4
Dvārakā<sup>6</sup>	4
Dhenukā	4
Pṛthu<sup>3</sup>	4
Guhyakas	4
Sankarṣaṇa	4
Vidura<sup>1</sup>	4
Janapada<sup>2</sup>	4
mān	4
Apsara	4
Hiraṇmaya	4
Kanaka-	4
Ardhanārīśvara	4
Maithilas	4
Sāmagas	4
Vyoma	4
Kuberas	4
Yaśodās	4
Gopa	4
śāstra	4
Nagnajit	4
Narakas	4
Avadhūta	4
Aśva-	4
Suketu	4
Rahasya	4
Kuśala	4
māna	4
Hiraṇ-	4
Phālguṇa	4
Śākapūrṇa	4
Kṣatravṛddha	4
Gārgyas	4
Kuśa-	4
Maināka	4
Kākavarṇa	4
Rambha	4
Dāruvana	4
Rakṣa	4
Rākṣasas<sup>2</sup>	4
Arṣeya	4
Viśvā-	4
Gajendra	4
Rājaṛṣi<sup>3</sup>	4
grāma	4
pakṣa	4
Kolāhala	4
Vinatā	4
Ramaṇaka	4
Saubhari	4
manuṣya	4
Takṣa	4
Bhuvamanyu	4
Kālayavana	4
tāmasa	4
śrāddha<sup>3</sup>	4
Śankha	4
Vedamitra	4
Dīrgha-	4
Brahmalokam	4
Vaidya	4
Vajramitra	4
Dīr-	4
Khanitra	4
Śrāddha<sup>2</sup>	4
Yogamāyā<sup>1</sup>	4
Gāyatri	4
sthāna	4
Kulācala	4
upadvīpa	4
Vṛṣaparvan	4
Paulaha	4
Devagaṇas	4
Jayadeva	4
Śravaṇa	4
Manvantarādi	4
Loka-	4
Kali<sup>1</sup>	4
ṣaka	4
Jana	4
Tumba	4
Jambū	4
Tuṣitas	4
Sagara<sup>3</sup>	4
Yajurvedins	4
Jāmbavat	4
Vāmanas	4
Nabhasya	4
Māheśvara	4
Sudaridra	4
Ariṣṭa	4
Kucela	4
sāma	4
Bṛhaspatis	4
Tālajanghas	4
Daṇḍanāthā	4
śrāddha<sup>4</sup>	4
Iṣa	4
śrāddhas	4
Iḍivilā	4
Tripura<sup>2</sup>	4
śūdras	4
Nirvṛti	4
Śrauta	4
Akṣarādevī	4
Kārttika	4
Dharma<sup>1</sup>	4
Mahaṛṣi	4
Medhāvi	4
Śālvas	4
Vikrānta	4
Rāvana	4
Lomapāda	4
Pāṇ-	4
Yoganidrā	4
Pratīpa	4
Yogeśvara	4
Kārttikeya	4
Mantrakṛt<sup>2</sup>	4
Kauśalyā	4
Prāṇāyāma	4
Ghṛta	4
rāṣṭra	4
Balabhadra	4
Purus	4
Vidyā-	4
Yayātis	4
Devadyumna	4
Prājāpatya	4
śūla	4
Devis	4
Satyavān	4
Kali<sup>2</sup>	4
Kalki<sup>3</sup>	4
Drau-	4
Yajñaśrī	4
Āyurveda	4
Śivadatta	4
Vidyā	4
Mṛkaṇḍu	4
Agni<sup>1</sup>	4
Harī	4
Angada	4
Svāti	4
Dhruva<sup>2</sup>	4
Vīrasena	4
Kṛttikā	4
Nāgnajit	4
Sya-	4
Samjña	4
Kauśāmbī	4
Daśārha	4
Śaiva	4
Raivataka	4
Vidūratha	4
Doṣa	4
Para-	4
śurāma	4
Nīdāgha	4
Balvala	4
nīla	4
rūpa	4
dvāpara<sup>2</sup>	4
Gārhapatya	4
Śucī	4
Draviḍa	4
Suvarcalā	4
śarat	4
Pṛthvī	4
Pūrṇamāsa	4
Yāga	4
Viṣa	4
ācāras	4
Rucirāśva	4
Rādhā	4
āśramas	4
svadhā	4
srāddha	4
Devadarśa	4
Vedasparśa	4
Rudrahood	4
Parvaśa	4
Purañ-	4
Purudvān	4
Ājyapa	4
Sanat-	4
kumāra	4
Kuṇḍina<sup>2</sup>	4
Vālmīki	4
Sūkta	4
Bhadrasena	4
Śambaras	4
Vīravrata	4
Kilikilā	4
Dhātri	4
Atala	4
Kakudmin	4
Prahlādas	4
Ripuñjaya	4
Nārā-	4
Varūtri	4
Amitrajit	4
dāsa	4
Ṛk	4
Bhūti	4
Kauśikas	4
Agastyas	4
Jīva	4
sthāvara	4
Vitatha	4
Umā<sup>1</sup>	4
Vāruṇa	4
Yātudhānas	4
Bṛhadkṣatra	4
Manthu	4
Vidyoparicara	4
Jayā	4
Indra<sup>6</sup>	4
Jambudvīpa	4
Vītihotras	4
Puṣpotkaṭā	4
Kaikasī	4
Badarī	4
ISBN	4
JAINENDRA	4
pārijāta	4
Vāta	4
Cakṣuṣa	4
Āvaṇi	4
Vapuṣmat	4
Sarvajñādyantaram	4
Nṛcakṣu	4
mudrā	3
kādraveya	3
Mātṛkā	3
Roma-	3
Kāśyapa<sup>2</sup>	3
Gambhīra	3
Krūra	3
Śatadhanvas	3
Śabala	3
Vasiṣṭha<sup>1</sup>	3
Ilvala	3
Agni<sup>3</sup>	3
Ṛta	3
Mahādeva<sup>3</sup>	3
Priyavrata<sup>1</sup>	3
Puṣyamitra	3
Devadatta	3
mānasa	3
Savitā<sup>1</sup>	3
Dhruva<sup>1</sup>	3
Bṛhaspati<sup>3</sup>	3
Suhotri	3
Vidhisāra	3
piśācas	3
Ajitas	3
Rudras<sup>2</sup>	3
Irāvati	3
Sāman	3
Kuñjara	3
Kesari	3
Meghasvāti	3
rājaratha	3
Kīrtī	3
Khaninetra	3
Karam-	3
madhyamādhvaryu	3
Dakṣa-	3
Vāmana-Hari	3
Amāvasu	3
Anṛta	3
Trasu	3
Tāmasī	3
Śeṣa<sup>1</sup>	3
Nimna	3
Kṣetra	3
Sambhūta	3
Purūravas<sup>1</sup>	3
Cakora	3
Śivasvāti	3
Rukma-	3
Aṭamāna	3
Hāleya	3
Devānīka	3
Sabhānara	3
Laugākṣi	3
Puru-	3
Nāgas<sup>1</sup>	3
Marutgaṇas	3
Ugrasenī	3
Śuddha	3
Bāṇāsura	3
bhāgavata	3
Jvalanā	3
Manasvinī	3
Andhakāra	3
Kapiñjala	3
ḍeyas	3
Pitāmaha	3
Pāṇḍa-	3
Nan-	3
Kālakūṭa	3
Hari-	3
Virūpa	3
Lakṣmaṇās	3
Ambikāvana	3
Sagara<sup>1</sup>	3
Indra<sup>3</sup>	3
Vighna	3
Dvaipāyana	3
Anāyuṣā	3
Gandharvas<sup>1</sup>	3
Kṛtavīrya	3
Parasurāma	3
Arjunas	3
Ulūpi	3
Gautamī	3
Kṛṣṇa<sup>11</sup>	3
Jiṣṇu	3
Sudāminī	3
Kuṭaka	3
Gan-	3
Irā	3
Tṛṇabindu<sup>1</sup>	3
Sumedhas	3
Yadus<sup>3</sup>	3
Haihayas<sup>1</sup>	3
Āhukī	3
Karamdhama	3
Saudāsa	3
Prajāpatikṣetra	3
Draupadīs	3
Yudhiṣṭhira<sup>1</sup>	3
Sutanu	3
Yuyudhāna	3
Śabalāśvas	3
Hari<sup>7</sup>	3
Ekaparṇā	3
Brāhmam	3
Rau-	3
Vindhyāśva	3
Sarga	3
Barhiṣmatī	3
Pūrvacitti	3
Kulya	3
Sūta<sup>1</sup>	3
Kankā	3
Rocamāna	3
Kauśalas	3
Mleccha	3
Tuṣāras	3
Guruṇḍas	3
Paraśurāma<sup>2</sup>	3
Dhātṛ	3
Vasu<sup>1</sup>	3
Tripuram<sup>2</sup>	3
Śala	3
Pāñcajanī	3
Yudhiṣṭhira<sup>3</sup>	3
Devatājit	3
Jarāsandha<sup>4</sup>	3
Ilas	3
Āgastyas	3
Cyavanas	3
Rāji	3
ṇas	3
Vajrānga	3
Indrahood	3
Vasiṣṭha<sup>2</sup>	3
Vāsiṣṭhas	3
Āgastya	3
Agnibāhu	3
Badhyaśva	3
Janame-	3
Śaravaṇa	3
Iḍā	3
Ilāvṛtam	3
Śṛnga-	3
kūṭa	3
Kamsavatī	3
Sūrya<sup>2</sup>	3
San-	3
Śaradvān	3
Dakṣi-	3
Śrītalam	3
Dhundhumāra	3
Araṇya	3
Pauṣpiñji	3
Bhūman	3
Devaki	3
Viduras	3
Satyaratha	3
Bṛhadvana	3
Nisunda	3
Devarakṣitā	3
Bṛhatśloka	3
Aśoka	3
Urvaśi	3
Satyaśravas	3
Ripumjaya	3
Paiśāca	3
Somaśarma	3
Veṇumanta	3
Śatadhvaja	3
Vyāghra	3
Vedas<sup>1</sup>	3
Rakṣā	3
Kauśikī	3
Karṇikā	3
Trikūṭa	3
Kuśāgra	3
Kṣatra	3
Pulahas	3
Vaivasvata<sup>3</sup>	3
Prativyoma	3
Bṛhadrāja	3
Indra<sup>5</sup>	3
Pravaras	3
śravas	3
Śaśāda	3
Ānaka	3
Mudgalas	3
Pramlocā	3
Devabhūti	3
Ajāmīḍha	3
Priya-	3
Rudra<sup>2</sup>	3
Kapāli	3
Sukarmaṇa	3
Āsuri	3
Hari<sup>8</sup>	3
Rahūgaṇa	3
Jyotiṣman	3
Rākṣasi	3
Mahī	3
Vaṭa	3
Dhundhus	3
māra	3
Viloman	3
Taittiri	3
Jarāsandha<sup>1</sup>	3
Sucandra	3
Arjuna<sup>3</sup>	3
ṭaka	3
Gālava	3
Pāṣaṇḍas	3
Mahātala	3
Ganges<sup>4</sup>	3
Śunādevī	3
Pradyumnas	3
Yadus<sup>1</sup>	3
Saptaṛṣis	3
Mitrasaha	3
Re-	3
Diti<sup>1</sup>	3
Kālakā	3
Jaṭāmāli	3
Malayadvīpa	3
Puṣ-	3
Vāsudeva<sup>1</sup>	3
Umā<sup>3</sup>	3
Yaśodharā	3
Jamadagnis	3
Kumāra<sup>1</sup>	3
Nīlakaṇṭha	3
Kālakeyas<sup>2</sup>	3
Maṇidhānya	3
Kālindi	3
Kṛṣṇa-	3
Divyā	3
Saṇḍa	3
Rāṣṭra	3
Sūta<sup>3</sup>	3
Parvasa	3
māla	3
miṇī	3
Madhya	3
Uttanka	3
Iḍaviḍā	3
Ṛddhi	3
Dhanada	3
Harikeśa	3
Nandā	3
Śiva<sup>4</sup>	3
Comorin	3
Aruṇoda<sup>1</sup>	3
Muṇḍīśvara	3
Yudhiṣṭhira<sup>4</sup>	3
Pār-	3
Rukmini	3
Janāpīḍa	3
Kuśika	3
samhitās	3
Laghuśyāmā	3
Marici	3
Dhruvas	3
Tiṣya	3
Cārumatī	3
Deva-gandharva	3
Kṛśa	3
Gokulam	3
Devakī<sup>4</sup>	3
Abhijit	3
Tṛṇāvarta	3
Maṇigrīva	3
Kuvalayāpīḍa	3
Caidyas	3
Prāgjyotiṣa	3
Jāmba-	3
Mādri	3
Kāli	3
Aghora	3
Kekaya	3
Mahābhārata	3
Bṛhaspati<sup>2</sup>	3
Aurvas	3
Mauryas	3
Mūka	3
Benares<sup>1</sup>	3
kṣetram	3
śaktī	3
Āndhras	3
Saras-	3
ṛṣi	3
Vāla-	3
Apāna	3
Tripuram<sup>3</sup>	3
Madhu<sup>2</sup>	3
Rurus	3
Manus<sup>1</sup>	3
Naya	3
Pulaha<sup>2</sup>	3
Janapadas	3
Śrī<sup>1</sup>	3
Mati	3
Nirāmitra	3
Plakṣadvīpa<sup>1</sup>	3
Puṇḍarīka	3
Vidhṛti	3
Rāk-	3
Cakṣuṣ	3
Śri	3
Alakanandā	3
Bhāgīrathī	3
tīrthas	3
Śiva-	3
sthānas	3
Pārvatīs	3
Gandhamādhana	3
Upamadga	3
śara	3
Gān-	3
dvīpas	3
krośa	3
piṇḍas	3
pakṣas	3
samskāras	3
samskāra	3
Samjaya	3
Bhūri	3
Gaṇapati	3
Aruddha	3
Janamejaya<sup>1</sup>	3
Janamejaya<sup>2</sup>	3
Bṛhadrathas	3
Tripurāris	3
Bhiṣma	3
Ahirbudhnya	3
Śiva<sup>7</sup>	3
Gā	3
Mānasi	3
Vaiṣṇavī	3
Garbha	3
Śrāvasti	3
Śatānanda	3
ṭhiras	3
Śarad-	3
Uśija	3
Māndhātā	3
nāśva	3
Śivalokam	3
śānti	3
Vadha	3
Varāhakalpa	3
Pulinda	3
Sunandana	3
Kāmeśvarī	3
akṣauhiṇis	3
aiśvarya	3
Ākūti	3
Geya-	3
Nyāya	3
Dharmaśāstra	3
Gods<sup>3</sup>	3
Hemacandra	3
Idvatsara	3
Kauṭalya	3
Candraketu	3
Pitrs	3
Campā	3
Haryanga	3
Pūrṇabhadra	3
Devajani	3
Rāka	3
Madīrā	3
Bhārga-	3
bhāsa	3
Sankarṣana	3
Ūrṇā	3
Dharmaratha	3
Caturanga	3
Citrāngada	3
Cintāmaṇi	3
Mantrinī	3
Varṣaṛtu	3
Piśācas<sup>1</sup>	3
Sananda	3
Śringiputra	3
Syamantapañcaka<sup>3</sup>	3
Śaktī	3
Pañcadaśi	3
Sāma<sup>1</sup>	3
Tapatī	3
Śrutakarma	3
Nāsatya	3
Sākalya	3
Viśākhayūpa	3
Tak-	3
Kaurava	3
Vaiśāla	3
Aikṣvākī	3
Kuṇi	3
Kīrti	3
Devayānī<sup>2</sup>	3
Ahīna	3
Kṛtavarman<sup>5</sup>	3
Udaya	3
Svarga	3
Rajis	3
Kiri-	3
Dvāpara<sup>1</sup>	3
Durvārkṣī	3
Parīkṣits	3
Vājapeya	3
Māśi	3
Prahlāda<sup>2</sup>	3
varṣa<sup>1</sup>	3
Indra-	3
Senāni	3
Satra	3
Manuṣya	3
Akṣauhiṇi	3
Angīrasa	3
Vindhyas<sup>2</sup>	3
Vindhyas<sup>1</sup>	3
Lāngalī	3
Manu<sup>4</sup>	3
sparśa	3
Taittirīya	3
Chandas	3
Ranti	3
Trigartas	3
Trayyāruṇi	3
Sārasvata	3
Bhūmi	3
Śyāmaka	3
Prahlāda<sup>1</sup>	3
Merumūla	3
Triśaṅku	3
Gobhānu	3
Smārta	3
Dadhyañja	3
Vivasvan	3
Prasūtī	3
Prā-	3
Taijasa	3
Ajavīthi	3
Yāmas	3
Paurāṇikas	3
Dadhīcis	3
Kārūṣa	3
Vīdūratha	3
ḍavas	3
Yayāti<sup>2</sup>	3
Lord<sup>4</sup>	3
Paulastyas	3
Viśvamahat	3
Dīkṣita	3
Santāna	3
samādhi	3
Ganges<sup>1</sup>	3
Khaṭvānga	3
dvīpam	3
Dhṛta	3
Purañjana<sup>1</sup>	3
Bhadra-	3
Dhṛta-	3
Anuvinda	3
Raibhya	3
Kaṇvas	3
Subala	3
Kamsa<sup>1</sup>	3
Mānasottara	3
amātya	3
Vibudha	3
Nāgavīthi	3
Nairṛtas	3
Upadevī	3
Sva	3
Vaiśravaṇa	3
Dvijavarma	3
Pāvana	3
Dhṛṣṭadyumna	3
Dhanurveda	3
Śrutasena	3
Kuśasthalī	3
Jambu	3
Vānarajāti	3
Prācetasas	3
Mūrtī	3
Tuṣṭi	3
Dākṣāyaṇī	3
Dharmavratā	3
Satyaketu	3
Kuśadhvaja	3
Bṛhatkalpa	3
Līlāvatī	3
Kuruk-	3
Dakṣa<sup>4</sup>	3
Pitṛkanyā	3
Velā	3
Kalas	3
Pātāla<sup>1</sup>	3
Vītahavya	3
Dhṛtavrata	3
Puṣṭi-	3
Dhanyā	3
Lord<sup>3</sup>	3
Badarikāśrama	3
Pṛthu-	3
Ilāvṛta<sup>2</sup>	3
Viṣṇupada	3
Gargas	3
Vanga	3
Udayana	3
pātāla	3
Kamsa<sup>3</sup>	3
Trasadasyu	3
Somapa	3
Campāvatī	3
Mātanga	3
Laugākṣī	3
kalās	3
Kuśumi	3
Vānaprastha	3
Vatsāra	3
Vidhāta	3
Tāraka<sup>2</sup>	3
Vairāgya	3
Sunetra	3
Anala-	3
Sunda	3
Maheśvara<sup>1</sup>	3
Dvārakā<sup>2</sup>	3
Kekayas	3
śrāddham	3
Naimiṣālaya	3
Naimiṣā	3
Devarākṣasas	3
Nairṛta	3
Asuras<sup>3</sup>	3
śabda	3
Bindupīṭha	3
saubhāgya	3
Hiraṇyaroma	3
Parivaha	3
Ṛṣyavān<sup>1</sup>	3
Paurṇamāsa	3
Bhauta	3
Paśu	3
Paraśurāma<sup>1</sup>	3
ślokas<sup>1</sup>	3
Hotā	3
Śivaloka	3
Ahīnaga	3
Barbaras	3
Bālaka	3
Gangā<sup>2</sup>	3
Pāśupata	3
Pitāmahas	3
Piṇḍas	3
ācāra	3
Pulindas	3
Sahadevā	3
Bhadraka	3
Ghoṣa	3
Andhras	3
Rantideva	3
Mahāvīra	3
śrāddha<sup>5</sup>	3
Vainya	3
Ṛks	3
khaḍga	3
Śuci<sup>1</sup>	3
Mantraśarīra	3
Dānāgni	3
Sāmudrī	3
Rudragītā	3
Bāhlika	3
Ṣoḍaśa	3
Prayāgā<sup>1</sup>	3
Pratīha	3
Ṛ	3
Parameṣṭhi	3
Ātmavidyā	3
Kāla-	3
Asuras<sup>5</sup>	3
Atreya	3
Śatadrutī	3
Sādhya<sup>2</sup>	3
Bali<sup>3</sup>	3
Svāro-	3
Anāyuṣa	3
Sankar-	3
Sarayu	3
Śrīśaila	3
Jarāsandha<sup>2</sup>	3
Syāma	3
Kathā	3
Kingdom<sup>1</sup>	3
Aśokavardhana	3
Bhadraratha	3
Bṛhaddhanu	3
Jaya-	3
Bṛhatputra	3
Satyakarma	3
Śrutamjaya	3
Anuvrata	3
Varatri	3
Sūtas	3
Kīrtimatī	3
Brahmavādins	3
Niśācaras	3
Bhūloka	3
Brahmāṇḍa	3
Laukika	3
Narā	3
Śatadhanvā	3
Bharad-	3
vāja	3
Sadvatī	3
Śrāvaṇa	3
Mūlam	3
Śākadvīpa<sup>2</sup>	3
Bhārga	3
Maithila	3
Dharmamūrti	3
Lavaṇācala	3
bhāvana	3
Rāvaṇa<sup>3</sup>	3
śaucam	3
Kāñcana	3
Ketuman	3
Divo-	3
Ghaṭotkaca	3
Yudhiṣṭhira<sup>2</sup>	3
Nandiyaśa	3
Yoginī	3
Sūrya<sup>1</sup>	3
Caṇḍikā	3
Candraprabhā	3
Lalitā<sup>3</sup>	3
Matanga	3
Lavaṇa<sup>1</sup>	3
Śūrasena	3
Mahālakṣmī	3
Mohini	3
Vasanta	3
Viśvas	3
Īśāna	3
Abhramu	3
Śrīdevā	3
Brahmanas<sup>1</sup>	3
śrāddha<sup>6</sup>	3
Sārva-	3
Avantī	3
Vyāsa<sup>2</sup>	3
Śūla	3
Mahādevī	3
gotrakāra<sup>1</sup>	3
Mātangī	3
gaṇa<sup>1</sup>	3
jāti	3
Kālakeyas	3
abhiṣeka<sup>3</sup>	3
Marīcigarbha	3
Vatsaka	3
Saindhava	3
Vāyavya	3
Jaṭhara	3
Śatadhanva	3
Viṣu	3
śrād-	3
Piṅgala	3
Samyamana	3
Pūrus	3
śankha	3
Janakas	3
Viśokadvādaśi	3
Kṣatropeta	3
Pṛṣadaśva	3
darśan	3
Grāmaṇi	3
Sarama	3
Bhūmirākṣasas	3
dhāna	3
Lokā-	3
gadā	3
Vāl-	3
Varāṅgī	3
Pṛthurukma	3
Parigha	3
Paravṛt	3
Vidyut	3
Satīs	3
Ānartta	3
Bhagavatī	3
Aloka	3
Atalam-	3
pīṭhas	3
Samvartaka	3
Plakṣadvīpa<sup>2</sup>	3
Amśumat	3
Cancu	3
Kṣetrapāla	3
Lāngali	3
Kārtika	3
Bheruṇḍa	3
Gandharvas<sup>2</sup>	3
Puṣpavān	3
Sumanas	3
Viśvarūpā	3
Yajurveda	3
Skanda<sup>2</sup>	3
Maheś-	3
Kakuda	3
Sāgara	3
Vairājās	3
Śaivyā	3
varṇāśrama	3
darśanas	3
mūrchana	3
candraśālas	3
śravaṇa	3
Śāliśūka	3
Dharmaketu	3
Dharmasāvarṇi	3
Mahiṣmat	3
Hrasvaroman	3
Pariplava	3
Tārakāmaya<sup>3</sup>	3
Drāviṇikā	2
varṇas<sup>2</sup>	2
Upadeva	2
Brindāvan	2
Gokula	2
Con-	2
Mathurā<sup>17</sup>	2
Mahāsena	2
varamūrti	2
Ratnā	2
I<sup>1</sup>	2
prā-	2
Lopāmudrā	2
Kāmākṣi	2
Udayantaka	2
Hutāśana	2
Vahni<sup>1</sup>	2
Śiśumāra<sup>5</sup>	2
Vedas<sup>8</sup>	2
Brāhmans	2
Dhruva<sup>13</sup>	2
Identi-	2
Vikeśi	2
chāyā	2
Mahāpurāṇa	2
Mahāpurāṇas	2
Cāriṣṇava	2
Kānīna	2
Vāli<sup>2</sup>	2
Virajas	2
Vyāsa<sup>3</sup>	2
Kanyā	2
Bharata<sup>3</sup>	2
Agnihotra	2
Nadīputra	2
Soma<sup>3</sup>	2
Dīrghata-	2
Khanapāna	2
Dadhivāhana	2
Kārayana	2
Mainda	2
Kardama<sup>2</sup>	2
Being<sup>4</sup>	2
Atharvāngiras	2
Rathi-	2
Nabha-	2
Ātreyas	2
Āgneyi	2
Rathītaras	2
Mahīnetra	2
Bhuvasthānam	2
Can-	2
Barhiṣada	2
Ūrdhvaketu	2
Jantudhanā	2
Sunaha	2
Sumantu-	2
Sivas	2
Darbhaka	2
Sunābha	2
Gaṅgādvāra	2
Śuciśravas	2
Turiya	2
Kīrtimati	2
Ṛcī	2
Puruṣa<sup>2</sup>	2
Gāndharvam	2
Hāhā	2
Hūhū	2
Ātre-	2
Vṛddha	2
Dadhyañca	2
ṭhira	2
Laukikāgni	2
Amarāvati	2
Vāmana<sup>7</sup>	2
Sun-	2
Sūta<sup>2</sup>	2
Nicaknu	2
Vivikṣu	2
Ābhūtarayas	2
XIth	2
Cakrarāja-	2
Saṅkarṣaṇa	2
Naigameya	2
Nabhas	2
In-	2
Uṣās	2
vamśavīra	2
Kuruvaśa	2
Puruhotra	2
Viloma	2
Sukumārī	2
Śāka-	2
Saptaṛṣimaṇḍala	2
Rājadhidevī	2
Kayādhu	2
Sūrmyā	2
Kadrū	2
Narmada	2
Kinnarāśva	2
Kinnara-	2
Śikhaṇḍinī	2
Tum-	2
Mahākālavana	2
Pāśu-	2
Gaṇeśas	2
Ugra-	2
Himavat	2
Umā-	2
Barhi-	2
Hari<sup>5</sup>	2
Drauṇi	2
Varṣa-ṛtu	2
Gandhamā-	2
Mahasvat	2
Bṛhadbhāja	2
devāsura	2
Brahmatīrtham	2
Mukuṭa	2
maṇas	2
Bindumatī	2
Āyuṣmat	2
Āditya<sup>3</sup>	2
Sat-	2
Devas<sup>3</sup>	2
Rādhika	2
Krodhana	2
Sindhudvīpa	2
Śrutāyus	2
He-	2
Girīśa	2
Śailodā	2
Gṛdhrī	2
Par-	2
Vāsanā	2
Puruja	2
keśa	2
Karkoṭakas	2
Bhār-	2
Subhadrā<sup>1</sup>	2
Aśvathāma	2
Subha-	2
Dhanamjaya	2
Dhanvantri	2
dhamādana	2
Saurabha	2
Rājādhidevī	2
Anuvinda<sup>3</sup>	2
Arjuna<sup>4</sup>	2
Pārvatī<sup>4</sup>	2
Jayadhvaja	2
Hṛcchaya	2
Rohaṇa	2
Śrutarṣi	2
Mitrasaha-	2
Madayantī	2
Caṇḍālas	2
Yamunā<sup>1</sup>	2
Ūrja<sup>3</sup>	2
Heaven<sup>1</sup>	2
Śāvarṇa	2
Per-	2
Nārāyaṇas	2
Purū-	2
Sahasrānīka	2
Adhisīmakṛṣṇa	2
Vṛṣaparva	2
Pāṇḍus	2
Vaikuṇṭha<sup>7</sup>	2
Pitṛloka	2
Bhārgavagotrakara	2
Vīraṇa	2
rāśi	2
Mithilā<sup>5</sup>	2
Kurukṣetra<sup>6</sup>	2
parṇā	2
Devas<sup>2</sup>	2
Brahmaśiras	2
Nara-	2
Bhaṇḍāsura	2
Gau-	2
Ruru<sup>2</sup>	2
Pāripātra-	2
Sarvatejas	2
Purāṇic	2
Brahmarākṣasas	2
Pro-	2
XIIth	2
Purāṇas<sup>1</sup>	2
Ajigarta	2
Sarūpya	2
Kerala	2
Nahuṣa<sup>2</sup>	2
Vedānta<sup>1</sup>	2
Śaradvata	2
Vidhātṛ	2
Rudras<sup>9</sup>	2
Agni<sup>2</sup>	2
Heaven<sup>5</sup>	2
Caṇḍa	2
Dvivida<sup>4</sup>	2
Kuśasthalī<sup>2</sup>	2
kāra<sup>1</sup>	2
Pīvara	2
Vidūra	2
Dat-	2
tātreya	2
Devī<sup>5</sup>	2
Śātakarṇi	2
Brhaspati	2
Dvijas	2
Brahmasaras	2
Pataṅga	2
Vṛddhaśarman	2
Atri<sup>2</sup>	2
Rudrāṇī	2
Phalguni	2
Pakṣaja	2
Harivarṣa	2
Vaiva-	2
Daṇḍa	2
vaṇa	2
Viśvaga	2
Puṣkaradvīpa<sup>1</sup>	2
Ajanābha	2
dhāta	2
Jambhas	2
Pāka	2
Nivāta	2
Naras	2
Caṇḍāla	2
Brāhma-	2
Indrāṇi	2
Gajāsura	2
Varūtris	2
Pāvani	2
Vāsiṣtha	2
Kuśi	2
Māṇḍukeya	2
Lau-	2
Kūrca	2
śakti<sup>5</sup>	2
rāri<sup>2</sup>	2
Airāvaṇa	2
Jambū-	2
Dhamani	2
Śaradṛtu	2
Devaśravas	2
Lalitas	2
E<sup>2</sup>	2
Śivapura	2
Nemicakra	2
Sarūpā<sup>1</sup>	2
Sudharmā	2
Ugrasenas	2
Bhallāṭa	2
Ugrā-	2
Gāndharvī	2
Svarociṣa	2
Utkaca	2
Sāvarna	2
Virāṭa	2
Kārūṣas	2
rūpā	2
Vāsudeva<sup>2</sup>	2
Sunīti	2
Hiraṇyakaśipu<sup>1</sup>	2
Varuṇahood	2
Dundhu	2
Udaksena	2
Viṣvak-	2
Uttarāyaṇa	2
Nandi-	2
Kusuma	2
Suvarcā	2
Dakṣiṇamānasa	2
Kauśikagotra	2
Devakulyā	2
Nanda<sup>8</sup>	2
Hari<sup>15</sup>	2
varṣaparvata	2
Jyotiṣmān	2
Vasvananta	2
Sadasya	2
Ilinā	2
varṇa-	2
Bṛṇdāvana	2
Sagara<sup>2</sup>	2
śūdra	2
Upamanyu	2
Kṛtaka-	2
Dākṣāyanī	2
Soma<sup>6</sup>	2
Bṛhadraṇa	2
Vatsa-	2
mahaṛṣis	2
Indrasāvarṇi	2
Tigma	2
Hiraṇyakaśipu<sup>8</sup>	2
Yaśodā<sup>2</sup>	2
Vitalam-	2
Titikṣu	2
Pṛthutama	2
Mahāmana	2
Tāmra	2
Sumanasa	2
Nirvaktra	2
Vicitra-	2
ṇava	2
Barhiṣ-	2
Ani-	2
Bāṣ-	2
Gādhis	2
Sunaka	2
Sunaya-	2
Śāradvatas	2
Śāradvata	2
Sarvakāma	2
Tapoloka<sup>2</sup>	2
Meru-	2
Sumati<sup>4</sup>	2
rociṣa	2
rāma<sup>1</sup>	2
Sumanā	2
Kaśyapa<sup>6</sup>	2
Pitṛs<sup>7</sup>	2
Daśa-	2
Likhita	2
Prācīna-	2
Anādhṛṣṭi	2
Śat-	2
Purūdvaha	2
Vatsadroha	2
Dhruvāśva	2
Marudeva	2
Raṇejaya	2
Siddhārtha	2
Kulaka	2
Apratiratha	2
Pratīka	2
Oghavat	2
Brahman<sup>1</sup>	2
Tripurārī<sup>2</sup>	2
Bāhuka	2
Muṣṭika	2
Vṛṣṭi	2
Saṃkaṭa	2
Giri-	2
Andhaka<sup>2</sup>	2
Ṛtadhāman	2
Lāṅgala	2
Saṃhikeya	2
Muṇḍapṛṣṭa	2
Yaśo-	2
Rudralokam	2
Dak-	2
Bhārgava<sup>2</sup>	2
Śaila	2
Vasisṭha	2
Sugandhī	2
Ikṣumatī	2
Sauvīra	2
Sitoda	2
Rathantara	2
Kuśadvīpa<sup>1</sup>	2
Dhundhu-	2
Dhṛṣṭa-	2
darśa	2
Kamalā	2
Reṇuka	2
Trayīsānu	2
Trisānu	2
Maruta	2
Marutta-	2
Śṛgālavāsudeva	2
Karṇas	2
Cakravarman	2
Cakravarma	2
Devahūti<sup>1</sup>	2
Kāmyā	2
devaṛṣi<sup>1</sup>	2
Bṛhatsena	2
Three-fold	2
ṣit	2
Mada	2
Nāka	2
Vidhama	2
Maghas	2
Bhramī	2
Upadevā	2
Saramā	2
Tura	2
Dakṣinā	2
Vṛṣṭimat	2
Mārīci	2
Vāmana<sup>4</sup>	2
Dhruva<sup>11</sup>	2
Śiśunāga	2
Hotraka	2
Vāṇī	2
Kaṇṭha	2
Aṅgirasa<sup>1</sup>	2
Gaurī<sup>3</sup>	2
Samkalpa	2
Harṣa	2
Kāmarāja	2
Sairandhris	2
Kāsi	2
Syamanta	2
Kṣatram	2
Mātā	2
bhārams	2
Parāsara	2
Dhanva	2
Vijvara	2
Virakṣa	2
Śisu-	2
Tāmasi	2
Sarvagata	2
śakti<sup>1</sup>	2
Tārakā-	2
Mlecchas<sup>1</sup>	2
Brahmavādin<sup>2</sup>	2
kāma	2
rikṣa	2
Ariṣṭā	2
Heaven<sup>2</sup>	2
Nṛsimhas	2
dhāra	2
Kirāta	2
Kamsā<sup>2</sup>	2
Bhūtananda	2
Ketu-	2
Cariṣṇu	2
Dhṛtimān	2
Pratitvaka-	2
Mahāroman	2
Kamsās	2
Yugandhara	2
Nidhruva	2
Sumedhā	2
Svātikarṇa	2
Kratha	2
Vṛṣṇi-	2
Kuntibhoja	2
Arūru	2
Udbhrama	2
Sambhrama	2
Ṣaṇmukha	2
Brāhmī	2
Tripuram<sup>8</sup>	2
Hlādinī<sup>1</sup>	2
Gomedaka	2
Kau-	2
Yogamāya	2
Daityarākṣasas	2
Puṣpotkaṭa	2
Haritāśva	2
Pūrvacitti<sup>1</sup>	2
Śṛngavan	2
Kurus<sup>3</sup>	2
Vajrāṅga	2
Dhṛḍhāśva	2
Prati	2
Vidyoparicara-	2
Hīraṇyaretas	2
Puṇyajanas	2
Vṛṣabha-	2
Kauśīka	2
saubhāgyams	2
Mīḍhvān	2
Mahā	2
samādhi<sup>2</sup>	2
Kapiśa	2
Haryavana	2
Śrutadevī	2
Haryadhana	2
Raṇamjaya	2
Dhanamjaya<sup>2</sup>	2
Dharmadhvaja	2
ratavarṣa	2
vṛṣa	2
Kūpakarṇa	2
Kārtavīrya<sup>1</sup>	2
Hai-	2
Raudri	2
Uśika	2
Pratīpaka	2
Samhrāda	2
Pañ-	2
Uśinara	2
Saṃyama	2
Tāmara	2
ṣatra	2
Nandavraja	2
Dharā	2
cūḍāmaṇi	2
Kāmaśāstra	2
Kum-	2
Ānartas	2
Rukmī	2
Satrājitas	2
Madra	2
Maṇiparvata	2
Rājaṛṣis	2
Brāhmaṇas’	2
Śru-	2
Hastinapura	2
thāma	2
Mahātmya	2
Nārāyaṇa<sup>4</sup>	2
Havirdhānī	2
Balin	2
Kālarūpa	2
Kālasūtra	2
Virūpākṣa	2
Śiśupāla<sup>5</sup>	2
Vipracitta	2
Mārkaṇḍeyī	2
Āgnidhra	2
varṣa<sup>2</sup>	2
Dakṣiṇāpatha<sup>1</sup>	2
Bandhumat	2
Ramya	2
Kṛtadhvaja	2
Kaśeru	2
Asa-	2
Naiṣadhas	2
Madhya-	2
Hariśṛṅga	2
Niṣadhas	2
Bhaja-	2
Saivyā	2
Visvā-	2
Kāk-	2
ṣīvat	2
Being<sup>1</sup>	2
Bhuvarlokam	2
Ikṣu	2
Yaśa	2
Vāma	2
Somapāyins	2
Vasuruci	2
Samsiddhakaraṇa	2
Dama-	2
Samanantara	2
Lobha	2
Ayuta	2
mahātala	2
Garutmat	2
Pratipakṣa	2
Śibis	2
Kapi	2
Ṛthu	2
rājaṛṣis	2
Kṣemadharma	2
Kanakapīṭha	2
Upānga-	2
Maheśvara<sup>3</sup>	2
Krauñca-	2
Raṇaka	2
Puruṣa<sup>1</sup>	2
Nimitta-	2
Kṣemadharmā	2
ṣasa	2
Ghṛtāci	2
Mitadhvaja	2
Amitadhvaja	2
Śītā	2
Gangādvāra	2
Sāvarṇī	2
Pāradas	2
Kām-	2
Lalītā	2
Mālyavata	2
mahāvṛkṣa	2
Gada	2
Rukmiṇī<sup>4</sup>	2
Prabhāsa<sup>9</sup>	2
Dharmavrata	2
Matsyayoni	2
Sītā<sup>1</sup>	2
Nāga<sup>1</sup>	2
Bhāratavarṣa<sup>2</sup>	2
Bharata<sup>4</sup>	2
Gandha	2
Pratyāhāra	2
Sukṛta	2
Rabhasa	2
Gāyantī	2
Brahmakuṇḍa	2
Mahālaya	2
Gayāditya	2
krośas	2
śākha	2
Vaiṣnava	2
mūrti	2
Śālmalidvīpa<sup>2</sup>	2
Hari<sup>12</sup>	2
Sahasraśikhara	2
Jyotiṣa	2
Agnī	2
sūktam	2
Gaṇapati<sup>1</sup>	2
Purā-	2
mūr-	2
lakṣaṇas	2
Bhīṣmas	2
Yudhiṣṭhira<sup>5</sup>	2
Hastināpura<sup>6</sup>	2
Yudhiṣṭhira<sup>7</sup>	2
Dhṛṣṭi	2
Gāruḍa	2
Dhaniṣṭha	2
Veṇuhotra	2
Bhāṣkala	2
Pañcārṣeyas	2
Kauśika<sup>1</sup>	2
Māgadheyas	2
dhyānam	2
Mahāyaśas	2
Sāmkṛti	2
Subrahmaṇya	2
Senāpati	2
Śaravana	2
Sutahotra	2
Pāṣaṇḍa	2
Godāvari	2
Saurabheya	2
Brindā-	2
Arindama	2
Pravarṣaṇa	2
Gomedavarṣa	2
Gokula<sup>1</sup>	2
Kāśis	2
Ambarīṣas	2
Nimis	2
Kṛpī	2
vimāna	2
Yuva-	2
dakṣiṇa	2
rājapatha	2
grāmya	2
māṣa	2
Viśokadvādaśī-	2
Tapas<sup>1</sup>	2
Lambā	2
Bahava	2
Guptas	2
rājyam	2
Nityas	2
Cintāmaṇigraha	2
maṇi	2
senāni	2
Sudeva	2
Pūṣan	2
Ṛṣyaśṛnga	2
Catu-	2
Mīmāmsa	2
Sāvitri	2
Udgāta	2
Dhūmrākṣa	2
Plak-	2
ṣadvīpa	2
Svacchoda	2
Tāra	2
Puṇyajani	2
Candraloka	2
Hariś-	2
Vaiṣṇavāgni<sup>1</sup>	2
Yoganātha	2
Aryaman	2
Lakṣmi	2
Haviṣmat	2
Viśveśa	2
Suvratā	2
yajña<sup>2</sup>	2
Śāvasta	2
Śālva<sup>2</sup>	2
Namasyu	2
Svaphalka	2
Kamśā	2
Kṣemādhi	2
Ukta	2
Ruśeku	2
Apsaras<sup>2</sup>	2
Citralekha	2
ṇyakaśipu	2
Devasāvarṇi	2
Puṣpabhadrā	2
Daṇḍanātha	2
Megha-	2
svāti	2
Śaśa-	2
Dantavaktra<sup>1</sup>	2
Caidya<sup>2</sup>	2
Śiśupāla<sup>4</sup>	2
Mithilā<sup>4</sup>	2
Mitreyu	2
Kṛtin	2
Gṛdhrakūṭa	2
Śrutaśrava	2
Tvaṣtā	2
Prācīnagarbha	2
Gṛdhri	2
kāra	2
Maharloka<sup>2</sup>	2
Mithila	2
Udāvasu	2
Videhas	2
Śatānīka<sup>2</sup>	2
Mahāmanas	2
Śāntidevā	2
Hūṇas	2
Yava-	2
Gayāpiṇḍa	2
Jāhnavī	2
Reṇu	2
Phālguna<sup>2</sup>	2
Merumandara	2
Jṛmbhaṇa	2
Vijayā	2
Adīna	2
Jitas	2
Svayambhuva	2
Bṛhadkāya	2
Viśada	2
Bṛhadiṣu	2
Avanti<sup>2</sup>	2
Upendra	2
Gaṇanātha	2
Gajānana	2
Sahadeva<sup>1</sup>	2
Kamśās	2
Kūpa-	2
karṇa	2
Jaladhāra	2
Makaradhvaja	2
Saubhāgyams	2
Kālingaka	2
Jātukarṇi	2
Yājñavalkya<sup>1</sup>	2
Saimhi-	2
Bhadrā-	2
Ṛkṣas	2
Anu-	2
Vikṛti	2
Balā-	2
Ekapāṭala	2
Yoga<sup>3</sup>	2
Vaiśa	2
Snuṣā	2
Śiśu-	2
māra<sup>1</sup>	2
Śeṣa<sup>3</sup>	2
Prabhākara	2
Varcovan	2
patrābja	2
Antīnara	2
Jaleśvara	2
Vimalā	2
Agniṣṭoma	2
Virāṭpuruṣa	2
Brahmaloka<sup>2</sup>	2
Pūṣa	2
Tiraskarṇikā	2
Sāmbā	2
Purīṣabhīru	2
Vaidika	2
Vin-	2
Khyāti	2
Bhūtādi	2
Trivakrā	2
Pitṛs<sup>5</sup>	2
Patanga	2
Śrīpura	2
Varāngī	2
Grasana	2
Angira	2
Samsāra	2
Tārakā	2
Yāminī	2
Phalgutantra	2
Kuṭilākṣa	2
Svarvīthī	2
Dūrva	2
Mohana	2
Viṣkambha	2
Viṣaṅga<sup>1</sup>	2
Tīrthas	2
Kapotaroma	2
dānas	2
Budha-	2
Draviḍā	2
Jñāna	2
Naiṛṛta	2
Puroḍāśa	2
Jagati	2
Prācetas	2
Śankara<sup>1</sup>	2
Brahmanas<sup>4</sup>	2
Karan-	2
Tridhanvā	2
Kakudman	2
Ekapāṭalā	2
Ṛtumat	2
Pīṭhas	2
Suśarma	2
Sutīrtha	2
daṇḍas	2
Vāk	2
Vasumata	2
Nandis	2
Parva	2
Mātras	2
Bhikṣu	2
Tribandhana	2
Rāmā	2
nadī	2
Virocana<sup>2</sup>	2
Śitoda<sup>2</sup>	2
Ṣoḍaśapatrābja	2
Yuga<sup>3</sup>	2
Kanakas	2
Vāgīśa	2
Āditya<sup>1</sup>	2
Racanā	2
Triśira	2
Viśvakarma<sup>2</sup>	2
Dūṣaṇā	2
Ṛbhus	2
Vairiṇī	2
Varuṇa<sup>1</sup>	2
Dyu-	2
upāyas	2
Viśalya	2
Markaṇḍeya	2
Uttāna-	2
Sudeṣṇa	2
Anapāna	2
Dadhyanga	2
Mantrakṛt<sup>3</sup>	2
Kṛṣṇāṣṭamī	2
Lord<sup>5</sup>	2
Vṛddhadharma	2
Riṣyanta	2
Aridyota-	2
Ajaya	2
Pariyātra	2
Navaratha	2
Rkṣa	2
Nidhṛti-	2
Sun<sup>1</sup>	2
Drāviḍas	2
Mokṣa	2
Bhoga	2
Prīti	2
pāśa<sup>2</sup>	2
Pārāśara	2
Gādinī	2
Ila<sup>2</sup>	2
Śivagaṇas	2
Ṛṣya	2
Udāradhi	2
Divārka	2
Pururavas	2
Prajeśvara	2
Gomati	2
Mitrāyu	2
Yoganāthā	2
Śām-	2
Ananga	2
Dharaṇī	2
Vairocana	2
Vigneśvara	2
Daridyota	2
Jāmbavān<sup>1</sup>	2
Śakti<sup>3</sup>	2
Suhotrī	2
Bhadraśreṇi	2
Bhadraśreṇya	2
Sūnyaka	2
Dur-	2
Śṛñjaya	2
Rāṣṭrapāli	2
Vighnanāyaka	2
Brahmaloka<sup>4</sup>	2
Yayāti<sup>1</sup>	2
Vedanā	2
Timi	2
Hastinā-	2
Adhisīma	2
Angadevyantaram	2
Devakīs	2
Rukmiṇīs	2
Yaudheya	2
Vṛddhasenā	2
Devakṣatra	2
Samābhāga	2
Kṛtaratha	2
Kṛtiratha	2
Vibudha-	2
Śūra-	2
Vṛṣṇi<sup>1</sup>	2
Pitṛyāna	2
Devayānīs	2
Sunasśepa	2
Pratyūṣa	2
Pāriyātraka	2
sāvarṇi	2
Ṛthusā-	2
Śīlavatī	2
Vaikṛta	2
Caraṇas	2
Nirmoka	2
Skanda<sup>1</sup>	2
gaṇas<sup>2</sup>	2
Aindra	2
Nāgarāṭ	2
Anīha	2
Devas<sup>1</sup>	2
Lauhityā	2
Kambalabarhiṣa	2
Gods<sup>1</sup>	2
Babhru<sup>2</sup>	2
Mālya-	2
Sumāli	2
Yogasiddhi	2
Kāpileyas	2
Vyuṣṭha	2
Śatrujit	2
Ṛtadhvaja	2
Śama	2
Trinetra	2
Kimpuruṣas	2
Śālva<sup>3</sup>	2
Sarmiṣṭhā	2
Vṛṣṇis<sup>5</sup>	2
Ācārya	2
Baladevas	2
Śoka	2
Prativindhya	2
Avabhṛta	2
Vidura<sup>7</sup>	2
Gomanta<sup>5</sup>	2
Sātyakī	2
Surasena	2
Anumati	2
Rājasūya<sup>3</sup>	2
karṇi	2
Śakra	2
Yakṣas<sup>2</sup>	2
Sṛnjaya	2
Pāṇḍavas<sup>1</sup>	2
Dīrghatapas	2
ṣoḍaśa	2
Aja-	2
Dravīṇa	2
Medhā	2
Lajjā	2
Lakṣmī<sup>3</sup>	2
Śila	2
Māṇḍavya	2
Suketana	2
Bārhadratha	2
Paryāya	2
Bhānumatī	2
Śrāddhas	2
Vaṅga	2
Prince<sup>1</sup>	2
Āryaka	2
Āyatī	2
dhyāna	2
Caitya	2
Barhiṣadas	2
Aśvamedha<sup>2</sup>	2
Śṛnjaya	2
Ruruka	2
Bahu-	2
Sṛṣti	2
Kapota-	2
romā	2
Kurus<sup>2</sup>	2
Bhīṣma<sup>2</sup>	2
Uddhava<sup>2</sup>	2
Mahādruma	2
Kārtavīrya<sup>2</sup>	2
Dhvaja	2
Mādravatī	2
Nakulī	2
Budha<sup>2</sup>	2
Śilā	2
viṣkamba	2
Bali<sup>4</sup>	2
Brindāvana<sup>4</sup>	2
Govar-	2
Pūrvāṣāḍha	2
Candrahāsa	2
Daityas<sup>3</sup>	2
Mandākinī	2
Himā-	2
Rājaka	2
Udāsi	2
Manivara	2
Puṇḍa-	2
rīka	2
Vaṛṣaṛtu	2
daśi	2
Cārupada	2
Suprabhā	2
Svarbhānu<sup>3</sup>	2
Ūrvaśi	2
devaṛṣi	2
Sanaiścara	2
Bhāratavarṣa<sup>4</sup>	2
Vipaścit	2
Bhṛgukaccha	2
Śuklatīrtham	2
Cāṇakya	2
Bhṛgutīrtham	2
Maya<sup>1</sup>	2
Citragupta	2
Devī<sup>1</sup>	2
Rathavara-	2
Nava	2
Madhyama	2
Yajñopavīta	2
Bhogavatī	2
Ananta<sup>1</sup>	2
Rasātala<sup>2</sup>	2
Bharaṇi	2
Adhi-	2
Nāgaloka	2
Nabhaga	2
Himāhva	2
Merudevī	2
Garga<sup>1</sup>	2
Siddha-	2
Śāmba	2
Brahmacāri	2
Mahābhāgavata	2
Pādmam	2
Vāraha	2
dhanurdaṇḍa	2
Ātmavān	2
Avimukta	2
Māyā<sup>1</sup>	2
Marudhanva	2
Nila	2
Dhāraṇi	2
Kareṇumatī	2
Vaiśasa	2
Maruts<sup>4</sup>	2
Yakṣagaṇa	2
Yoganidrā<sup>4</sup>	2
Harivarṣa<sup>2</sup>	2
Nāgas<sup>4</sup>	2
Maṇidhānya<sup>1</sup>	2
Devikā	2
Paura-	2
Srīmān	2
Bhadrāśva<sup>1</sup>	2
Vajraka	2
Sukhīnala	2
Sunitha	2
Harivarṣa<sup>1</sup>	2
Maṇidhānyaka	2
Śūta	2
Niṣadha<sup>3</sup>	2
spaṭika	2
indranīla	2
śyāma	2
nīvāra	2
Kailāsa<sup>1</sup>	2
Dānavas<sup>2</sup>	2
Hiraṇyanābhas	2
Mahesvara	2
Pratisarga	2
Kāśyā	2
Pañcabāṇa	2
Parāśarya	2
śanku	2
Pātāla<sup>2</sup>	2
Bhīṣma<sup>3</sup>	2
Balarāma<sup>5</sup>	2
Pāśa	2
Kṛṣṇadvaipāyana<sup>1</sup>	2
sūkṣma	2
Sukhībala	2
Samvatsara	2
Parivatsara	2
Anuvatsara	2
samrāṭ	2
aśvamedhas	2
Śamku	2
Kūṭa	2
Vāmadeva<sup>1</sup>	2
Āditya<sup>2</sup>	2
Haritā	2
Puṇyā	2
Yajurdhāma	2
Pakṣas<sup>1</sup>	2
Pulindasena	2
Pārthiva	2
Rāja	2
Lauki-	2
bhūta	2
Bhārgavagotra	2
pālas	2
Ajeya	2
Yajva	2
Śītānta	2
Balasthala	2
Dala	2
sāmaga	2
Arjuna<sup>2</sup>	2
Puṣka-	2
Prapitāmahas	2
Dakṣa<sup>3</sup>	2
Agniṣ-	2
vātta	2
sandhyā	2
Agniṣvāttas<sup>2</sup>	2
Laukikas	2
Iḍa	2
Aryaman<sup>1</sup>	2
pīta	2
Maheśvarī	2
Kṣe-	2
Āyatī-	2
Prajvāra	2
Rājasimha	2
Māgadhas	2
Madrakas	2
Padmāvatī	2
Śataśṛṅga	2
Kumāra<sup>3</sup>	2
Bhaviṣya	2
Medaśiras	2
Talaka	2
Bindu-	2
Puruvasu	2
Amśu	2
Śunaśśepa	2
Japa	2
aśvattha	2
Ūrvaśī<sup>4</sup>	2
Ailas	2
Kūhu	2
Rudra<sup>3</sup>	2
bhū	2
Viśravas<sup>1</sup>	2
Dāruvana<sup>7</sup>	2
Keśa	2
śukram	2
Dattāli	2
Tripura<sup>5</sup>	2
Vāmana<sup>6</sup>	2
Prahati	2
vīpa	2
Dadhimaṇḍoda	2
Paraśurāma<sup>3</sup>	2
Tāmraparṇa	2
Mauryan	2
Mahiṣas	2
Hiraṇyakaśīpu	2
Doṣā	2
Mālyavān	2
Mahodara	2
Prahasta	2
Śungas	2
Pīṭha	2
Mantrakāra	2
Sun-God	2
Vīramātā	2
Prthu	2
Purujānu	2
Parāvṛt	2
Pāñcala	2
Ayodhyā<sup>2</sup>	2
Sātvikī	2
Niśācara	2
Mārica	2
Dānava<sup>2</sup>	2
Atharvavedins	2
Mangali	2
Samagas	2
Purāṇa<sup>2</sup>	2
vīra	2
Prācīnabarhiṣa	2
Dhruva<sup>3</sup>	2
Dikpālas	2
Prajāpati<sup>4</sup>	2
Prāmśu	2
Nikumbhas	2
Svārocisa	2
Rudra<sup>4</sup>	2
Svayam-	2
Kīrtiratha	2
Kṣatradharma	2
Umāmaheśvara<sup>4</sup>	2
Indra<sup>8</sup>	2
Gāndhinī	2
Vatsavyūha	2
Purūravas<sup>2</sup>	2
Ekār-	2
Stutī	2
Pakṣa	2
Sūryamaṇḍala	2
Yatis	2
Cedipa	2
Prakṛtis	2
Pañcakoṇa	2
Kṛṣṇa<sup>8</sup>	2
Vamśavīra	2
Pālaka	2
Munika	2
Sāmantas	2
Mādhyandina	2
Yādavī	2
Sāndipānis	2
Nabhasya<sup>1</sup>	2
Yamunā<sup>2</sup>	2
Mādhava<sup>2</sup>	2
Prah-	2
lāda	2
Maitreyas	2
Ekarāṭ	2
Savarṇā	2
Dha-	2
Ārṣa	2
Āsura	2
Angiras<sup>1</sup>	2
Upaniṣad	2
Rākā	2
yogaiśvaryas	2
Vatsaprīti	2
Bhalandana	2
Bar-	2
Samrāt	2
Raivata<sup>6</sup>	2
ciṣa	2
Pretas	2
Ānanda	2
Nara-Nārāyaṇa	2
Vegavat	2
Tṛṇa-	2
Lomapāda-	2
Maṇipura	2
Barhiṣads	2
Aunka	2
Śankha-	2
Nai-	2
miṣa	2
Sapta-	2
Sthala	2
Bāleya	2
Vindyāvalī	2
doṣa	2
Satyakī	2
Pulaka	2
Putrikāputras	2
Paiḷa	2
Bālāyani	2
Dhṛtaka	2
Syamantapañcaka<sup>9</sup>	2
Bindumat	2
Rājaputra	2
Tārāgrahas<sup>5</sup>	2
Śvetā	2
Karmajit	2
Śāva	2
Devavarṇinī	2
Aikṣvāku	2
Puṣpamitra	2
Bṛhadkarma	2
Acala	2
Budha<sup>5</sup>	2
Sarpasatra	2
Vāgin	2
Brahmasthānam	2
Sālva	2
Brahmadāna	2
Vedadarśa	2
śleṣmātaka	2
Janaloka<sup>2</sup>	2
Vyāsasaras	2
Śatarūpā<sup>1</sup>	2
Kali<sup>4</sup>	2
Draviḍadeśa	2
Duryodhana<sup>2</sup>	2
Niśumbha	2
Śumbha	2
Rohinī	2
Vārāṇasi	2
Śankhakūṭa	2
Nāga-	2
Nīlam	2
Uttarakurus	2
Nārāyaṇa<sup>1</sup>	2
Purodha	2
Marutsoma	2
Karandhama	2
Bharata<sup>2</sup>	2
Kṣatriya<sup>1</sup>	2
Gārga	2
Lord<sup>7</sup>	2
Angi-	2
bhūmi	2
Aruna	2
Love<sup>3</sup>	2
vāstu	2
śāla	2
prākāras	2
Kuthumi	2
Bhānavas	2
Prabhāsā<sup>3</sup>	2
Bharga	2
Śrutaṛṣi<sup>1</sup>	2
Unnata	2
Bhṛgu<sup>2</sup>	2
kṛṣṇa	2
Brahmacarya	2
Diks	2
Svarga<sup>1</sup>	2
God<sup>1</sup>	2
Matsyas	2
Janārdhana	2
māruta	2
Mātariśva	2
Unnetā	2
Bhuvana	2
Bhūtā	2
Niśā-	2
Ahamkāra	2
Vikacā	2
Virūpaka	2
Gaveṣaṇa	2
Akṣaradevī	2
Bhairavī<sup>1</sup>	2
Prayāgā<sup>2</sup>	2
Pramanthu	2
Mahān	2
Kaivartas	2
Puṣpaka	2
Hastināpura<sup>1</sup>	2
Vidura<sup>2</sup>	2
Mangala	2
Mathana	2
Uddhavas	2
Purañjaya<sup>1</sup>	2
Viṣṇu<sup>6</sup>	2
Vāsanta	2
Abhayada	2
Ādipuruṣa	2
Rocana	2
Hārita	2
Svadhāma	2
Vīriṇī	2
Vāmanaka	2
Mantranāthā	2
Jāṭharāgni	2
Mānuṣa	2
Upadānavī<sup>3</sup>	2
Utkalā	2
Sannatī	2
Upahūta	2
Hāstina-	2
Marutvatī	2
Maruttas	2
Duṣkanta	2
Tāraka<sup>3</sup>	2
Malaka	2
Rambhā<sup>1</sup>	2
tamāla	2
Dyutiman	2
Kṛtirāta	2
Kālakas	2
Kuravas	2
Sūrasenas	2
Hiraṇyākṣa<sup>1</sup>	2
Muktāphalaśālā	2
Satrajit	2
Titīkṣu	2
Svarṇaroman	2
Guhāvāsa	2
Śālmalidvīpam	2
Simsu-	2
Guhas	2
Nakṣatras	2
Devamitra	2
Dīkṣa	2
Aryama	2
Vaikāśi	2
arvāk	2
Caitrarathī	2
Hiraṇyapura	2
Mārīcakaśyapa	2
Piṅgalā	2
mahātmā	2
prāgvamśa	2
Kedāra	2
Dasra	2
Mālatī	2
Niṣādha	2
Ilāvrata	2
varṣam	2
Lanku	2
Ṛtu-Sāvarṇa-	2
Panguni	2
Vedas<sup>3</sup>	2
Vaiśvadeva	2
Muhūrtā	2
Lokākṣī	2
Sākadvīpa	2
Mekhalā	2
Meghanāda	2
Cibilaka	2
pāṭala	2
Pāri-	2
Ṛṣabha<sup>1</sup>	2
Suśarman	2
Ikṣvāku<sup>2</sup>	2
Ārṣeyapravaras	2
Āmbikeya	2
Kalki<sup>9</sup>	2
Jawahar	2
Nagar	2
Royapettah	2
Mylapore	2
Bangalore	2
Ashok	2
Rajpath	2
Patna	2
Varanasi	2
A-45	2
NARAINA	2
Kumbakonam	2
Krathusthalā	2
Akūtī	2
Śāmbas	2
prāyaścitta	2
Sahasrajit	2
Purañjaya<sup>5</sup>	2
Yamadūtas	2
Kālanābha	2
dūtas	2
Yayāti<sup>5</sup>	2
Yādavas<sup>3</sup>	2
Sun<sup>2</sup>	2
mantapañcaka	2
Kings<sup>3</sup>	2
Śankhaṇa	2
Brahmahatti	2
Varṇaśakti	2
Kratusthalā	2
Dhāma	2
Viṣkambhapar-	2
Vaḍavāmukha	2
Saptami	2
śukra	2
Satyaśriya	2
Nirukta	2
Śālmalidvīpa<sup>1</sup>	2
Maya<sup>2</sup>	2
Asuras<sup>4</sup>	2
Āṣāḍha<sup>1</sup>	2
Ramyaka	2
Vibhāvarī	2
Dakṣiṇāyanam	2
Kāleyas	2
Nīlā	2
nālikas	2
Geyacakraratha	2
Rāvaṇa<sup>4</sup>	2
Kīkaṭa	2
śāstras	2
Śiśupālas	2
Camasādhvaryavas	2
Rājasūya<sup>5</sup>	2
mīkis	2
Kadalī	2
Mahen-	2
Daśagrīva	2
gopīs	2
Śiṣṭi	2
Vaikuṇṭha<sup>3</sup>	2
Sarpa	2
Ajaikapāt	2
Vṛṣadhvaja	2
Mahiṣmān	2
Sāmaveda	2
Hema	2
Svāhi	2
Ānarttas	2
Rebhya	2
Reva	2
Kakud-	2
mūla-	2
Kamsa<sup>2</sup>	2
Vaivas-	2
Hairaṇvata	2
Bharatāśrama	2
Rāvaṇas	2
Vidyota	2
āśrama<sup>1</sup>	2
saubhāgyas	2
Śuddhoda	2
Vārāṇasī	2
West-	2
Tāraka<sup>4</sup>	2
Citraratha-	2
Munis	2
Hemaśṛṅga	2
Vipracitti<sup>2</sup>	2
Pratibāhu	2
Upasanga	2
Aśvasuta	2
Ulūka	2
Śrāvasta	2
Brahmī	2
kimśuka	2
karṇikāra	2
mañjau	2
Suprabha	2
Pārā	2
Dakṣināpatha	2
rasātalam	2
Stutā	2
Surasundarī	2
varṇas	2
Sudyumna<sup>2</sup>	2
Aśmakas	2
Bhūtajyotis	2
Vaikuṇṭha<sup>4</sup>	2
Śrutāyu	2
Yuyudha	2
Vasvaukasārā	2
Vāyupura	2
Īdṛk	2
Pratiharta	2
Bhāskara	2
Asura<sup>2</sup>	2
Nāgarāja	2
Śarabhas	2
Sthāṇu<sup>3</sup>	2
Asija	2
Śvetakalpa	2
Avi-	2
Parama-	2
Sapta	2
Kratu<sup>1</sup>	2
Śubhra	2
Bharuka	2
Nabhasvatī	2
Kālaka	2
Havyavāhana<sup>1</sup>	2
Cītraratha	2
Nalinī<sup>6</sup>	2
Kaśyapa-	2
Kṣemajit	2
Vipula	2
Suvibhu	2
Anangavatī	2
Khadyota	2
Nṛpamjaya	2
Vātaskandha	2
Viṣṇuloka<sup>2</sup>	2
aṇḍa	2
Sutalam<sup>3</sup>	2
Dṛḍharatha	2
Mahāśāsta	2
Brahmasthāna	2
ṣetra	2
Ūrvaśī<sup>1</sup>	2
Phālguna<sup>3</sup>	2
Yajñas<sup>2</sup>	2
Puraṭṭāśi	2
Gandharva<sup>1</sup>	2
Naranārāyaṇa	2
Hariṇī	2
Nārasimha	2
Śam-	2
Ma-	2
Dhātakī	2
Pṛṣadhra	2
Mādrī-	2
Nandaka	2
Rudras<sup>1</sup>	2
Śibi<sup>1</sup>	2
Kausalyā	2
Vedavyāsas	2
varṣas	2
Vaikārika	2
Śrād-	2
Lokapāla<sup>2</sup>	2
Virajasa	2
Ṛkāra	2
Śarabha	2
pāyana	2
Svāgata	2
paśu	2
Tāra-	2
Bāṇa<sup>2</sup>	2
Śankhadvīpam	2
tāśva	2
Jaigiṣavya	2
Saha-	2
Pādukā	2
Kṛpi	2
Śivaśrita	2
Trikakut	2
Kṣema-	2
Bhārgavagotrakāra	2
Śālmali-	2
Śvetam	2
Siddhakṣetram	2
śilpa	2
Upaniṣads	2
Liṅga	2
Gauri	2
Bhairavas	2
Śāntikarṇa	2
Brahmā<sup>8</sup>	2
Pradyotas	2
Pāñcalas	2
Śisupāla	2
sādhus	2
brahmacāri	2
vaikhānasa	2
śiṣṭas	2
Var-	2
śīla	2
Sumukha	2
Sañjīvinī	2
Grīṣma	2
Vipra	2
Gṛtasamada	2
Aikṣvāki	2
Rākṣaṣa	2
Śūladhara	2
Nāgas<sup>2</sup>	2
Akrūra<sup>3</sup>	2
Dvayāmuṣyāyana	2
Rājādhideva	2
Śūrabhū	2
Anumatī	2
Unmāda	2
Kaikeya	2
śruta	2
Dadhīci	2
Sauram	2
Paurajānapada	2
Gīta	2
Satyasena	2
Dhṛtimat	2
Draupadī<sup>2</sup>	2
Kaikaya	2
Sudhanva	2
jñānam	2
Sannatimān	2
jñānam<sup>2</sup>	2
Santati	2
kuṇḍas	2
Kālānala	2
bhūmikas	2
Śyeni	2
Nikumbha<sup>1</sup>	2
ahamkāra	2
Sandāsa-	2
Śālmalīdvīpa	2
Marṣa	2
Āsuri<sup>1</sup>	2
śruti	2
Sādhyā	2
Vaikuṇṭhas	2
Aśvatthāman	2
Kṣetram	2
Vaikanka	2
Jalada	2
Śuki	2
Dhūmrāśva	2
Ajāta	2
Kalmāṣa-	2
Dṛḍhanemi	2
Kṣemya	2
Brahmakṣetram	2
Maryāda	2
Suśruta	2
Caturyuga	2
Suvarcas	2
Krodhāvaśa	2
Trayārṣeya<sup>2</sup>	2
Budha<sup>3</sup>	2
Varca	2
tritīyā	2
Vṛjinīvān	2
Mahānābha	2
Ariṣṭakarman	2
Alakanandā<sup>1</sup>	2
Lakuca	2
Vīṣanga	2
Avantis	2
Rākṣasa<sup>1</sup>	1
Mūlasamhitas	1
harṣaṇa	1
Mandira	1
Anupadeva-<sup>2</sup>	1
Madhu-	1
rā	1
maḥrada<sup>4</sup>	1
Dhanur-	1
Śeṣa<sup>9</sup>	1
Hari<sup>10</sup>	1
Kaṃsavadha	1
Akrūra<sup>13</sup>	1
Pāṇḍavas<sup>15</sup>	1
Dhṛtarāṣṭṛa	1
Pāṇḍavas<sup>16</sup>	1
Jarāsandha<sup>18</sup>	1
sabhā<sup>19</sup>	1
Kṛṣṇa<sup>25</sup>	1
Prabhāsa<sup>26</sup>	1
Śaibyas	1
Tvaritāyu	1
Brahma<sup>2</sup>	1
mahān	1
Agas-	1
Saṃhatāśva	1
Kṛt-	1
tikā	1
Simi-	1
yaścittas	1
Pañcadaśākṣarī	1
Candrakānta	1
Sūryakānta	1
Havirbhū	1
Dahra-agni	1
prāyopaveśa<sup>3</sup>	1
Ajāmila<sup>2</sup>	1
abhiṣeka<sup>2a</sup>	1
Kṛṣṇapremāmṛtam	1
Ekāmraśiva	1
Hayagrīva<sup>6</sup>	1
Tripuram<sup>7</sup>	1
Dṛḍhācyuta<sup>1</sup>	1
Dhruvamaṇḍala	1
Dattāli<sup>1</sup>	1
Dattoli-	1
Mahāmalaya<sup>2</sup>	1
Potṛyaṇa<sup>3</sup>	1
Sara-	1
svatī	1
Hari<sup>9</sup>	1
Hari<sup>11</sup>	1
Kumāra<sup>12</sup>	1
Pre-	1
Ājagava	1
Pṛthu<sup>14</sup>	1
Dakṣa<sup>15</sup>	1
Kuśadvīpa<sup>16</sup>	1
Svārociṣa<sup>17</sup>	1
Dvārakā<sup>20</sup>	1
Vana	1
Vasorddhāra	1
Draviṇaka	1
Ūrjja	1
Suc-	1
Samvatsara<sup>1</sup>	1
Bhūtapati	1
Vikrāntā	1
Tilottamā	1
agnikuṇḍa<sup>2</sup>	1
Mahātalam-	1
Sujyeṣṭha<sup>1</sup>	1
bāhu	1
Romaharṣaṇa<sup>2</sup>	1
Sudar-	1
śana	1
Śīghraga	1
Agniveśyāyana<sup>1</sup>	1
Pravara-Aṅgiras<sup>2</sup>	1
Agniṣṭomam	1
Nāḍvaleya	1
Somapāda	1
Vaivasvata<sup>1</sup>	1
Himavān<sup>4</sup>	1
Ajamīḍha<sup>6</sup>	1
Purūravas<sup>7</sup>	1
XIVth	1
Agnīṣoman	1
Vikeśi<sup>6</sup>	1
Him<sup>4</sup>	1
Āgneyī<sup>5</sup>	1
Anapāna-<sup>1</sup>	1
Aṅgadeśa<sup>2</sup>	1
Vṛṣasena<sup>4</sup>	1
Lakṣmaṇa<sup>1</sup>	1
Kārapatha-	1
Laṅkā<sup>3</sup>	1
Kārapatha	1
Hṛddevī	1
Pitrī-	1
Prajāpati<sup>7</sup>	1
Bhoja<sup>8</sup>	1
Nārada<sup>9</sup>	1
Vāmana<sup>12</sup>	1
Syamantapañcaka<sup>13</sup>	1
Vaikuṇṭha<sup>14</sup>	1
Śarayāti	1
Āgneyas	1
Bhāradvājas	1
Śaṃyu	1
Dāruvana<sup>1</sup>	1
Devaṛṣi<sup>2</sup>	1
Nabho-	1
Āgneyas<sup>2</sup>	1
Atharva<sup>1</sup>	1
Atharvan<sup>2</sup>	1
Kṣatriya--Brāhmaṇa	1
Pitṛ-kanyā	1
Matsya-yoni<sup>2</sup>	1
Adrikā<sup>3</sup>	1
Amā-	1
Trasareṇu	1
Citrāṅgada	1
Matsyagandhi<sup>1</sup>	1
Acchodam<sup>2</sup>	1
Stuti	1
Kapī	1
Sudhamāna	1
Ajā	1
Balākāśva<sup>1</sup>	1
Añjana-Burnouf	1
Kṛṣṇa-Hari	1
Priyamedhā	1
Bṛhadiṣu<sup>1</sup>	1
Nīla<sup>2</sup>	1
Bharadvāja<sup>4</sup>	1
Sudamṣṭra	1
Dar-	1
Arbhaka-	1
Bhūmimitra<sup>1</sup>	1
Kanyā-	1
Vīṣṇu	1
Āyuṣmanta	1
devagaṇa<sup>1</sup>	1
Asama	1
Ugradṛṣṭi	1
Sudakṣa	1
Madhupa	1
Indrayuk<sup>2</sup>	1
Śunaḥśepha	1
Śālāmukhi	1
Sitoda<sup>1</sup>	1
Uragas<sup>2</sup>	1
Kurujit	1
Prathitāyu	1
Ajaḥ	1
Aniṣṭa-	1
aṇus	1
Āloka	1
Īśvaras	1
Maya<sup>3</sup>	1
Kālanemi<sup>4</sup>	1
Śaṅkukarṇa	1
Ramās	1
Satyakarman	1
Creator<sup>1</sup>	1
Kaśyapa<sup>2</sup>	1
Aśvamedha<sup>3</sup>	1
Trimūrtis	1
amśas	1
Being<sup>9</sup>	1
Mithilā<sup>11</sup>	1
Śukra<sup>12</sup>	1
Śuci<sup>13</sup>	1
vādinī	1
Wor-	1
Purūravas<sup>17</sup>	1
Tripuram<sup>18</sup>	1
Svastyātreyas	1
yārṣeya	1
Garga<sup>3</sup>	1
Haimaka	1
Twenty-one	1
Atharvas	1
Sati<sup>1</sup>	1
Darpahā	1
Dadhyaṅgātharvaṇa	1
Aṅgīrasa	1
boy-brahmacārin<sup>5</sup>	1
Kṛṣna	1
Earth<sup>10</sup>	1
Jayadevas<sup>13</sup>	1
Savanāgni	1
Sahasa-	1
Vividha	1
Mrṣā<sup>2</sup>	1
Nirṛti<sup>4</sup>	1
Nikṛtī-	1
gotra-kāras	1
Satkarman	1
Satyakarman-	1
Aśvamedhādatta	1
Devakī<sup>2</sup>	1
Nāga<sup>5</sup>	1
Vīra-	1
Durjaya	1
Sumitra-	1
Chini-	1
Narmaḍā	1
Trasaddasyu	1
Pṛṣadaśva-	1
Sarvakarman	1
Śruti<sup>2</sup>	1
Asmaki	1
Pryāga	1
Bhaṇḍa<sup>4</sup>	1
Baṇā	1
Uṣa<sup>3</sup>	1
Brāḥmaṇa<sup>5</sup>	1
Vajra<sup>6</sup>	1
Prabhāsā<sup>8</sup>	1
vamśavīras<sup>9</sup>	1
Mṛgaketana	1
Bhīmasena<sup>3</sup>	1
Avijñatagati	1
Wind-god	1
Parākṣa<sup>3</sup>	1
Kuravaśa-Burnouf	1
Vaina	1
Kumāravamśa	1
Guptas<sup>2</sup>	1
Haritagaṇa	1
Lauhitya	1
Yamavanam	1
Aṅgīras<sup>1</sup>	1
Pūrṇimā<sup>2</sup>	1
Bhārgava-gotrakāras	1
Aṅgiras<sup>1</sup>	1
śādhya<sup>2</sup>	1
ahorātrakara<sup>3</sup>	1
Devāvṛdha	1
Vindas	1
sandhā<sup>2</sup>	1
Rṣā	1
Rṣi-	1
maṇdūkas	1
purāṇa<sup>1</sup>	1
Mahīṣa<sup>1</sup>	1
yakṣa<sup>3</sup>	1
Anūpas	1
Cha-	1
Anala	1
Paurañjaya-	1
Illtreated	1
tāmasic	1
Svayambhū	1
Yājña	1
Triviṣṭa	1
Trayyāruṇi<sup>2</sup>	1
Carṣi-	1
Auceya	1
Māndhatṛ	1
Ṛteṣu	1
[Sātvatī	1
Kausalya]	1
Syamantaka<sup>1</sup>	1
mahābhoja	1
Danodakadundubhi	1
Kalpa<sup>2</sup>	1
Śuṣkarevati	1
Andhaka<sup>6</sup>	1
Dvāraka<sup>9</sup>	1
Burnoufs	1
Oḍra	1
Dṛṣadaśva	1
Vṛṣadaśva-	1
Devarakṣitas	1
Hemakakṣa	1
Śamśya	1
Āstha	1
Ūttānapāda	1
Xth	1
Antimāra-	1
Ailīna	1
ṣad	1
Hima-	1
Thirty-four<sup>3</sup>	1
Vaikuṇṭha<sup>8</sup>	1
Lalitā<sup>16</sup>	1
Vāmana<sup>18</sup>	1
Durvāsās	1
Dayā	1
Uṣṇatīrtha	1
Parī-	1
kṣits	1
Śiśumāra<sup>1</sup>	1
Ānakadundhubhi-	1
Candanodaka-	1
Āhuki	1
Durmada<sup>1</sup>	1
Dvāraka<sup>4</sup>	1
Saindhava<sup>6</sup>	1
rathī<sup>7</sup>	1
Viśalyakaraṇī	1
Siddhikṣetram	1
Jaleśvarā	1
Samyamana<sup>3</sup>	1
Kāṇḍikya	1
Bharadvāja-	1
Savarṇa	1
Amūrti	1
Aya	1
Kaustubha	1
Distri-	1
Praḥlāda<sup>1</sup>	1
Veṇa	1
Vipāśa	1
Viśvakāya	1
Devabhrājam	1
Mahābhrājam	1
Vaibhrājam	1
Sitodā	1
Śikhiparvatam	1
Kaṅkam	1
Vaidūryaparvatam	1
Kapilam	1
Gandhamādanam	1
Piñjaram	1
Sarasam	1
Kumudā-	1
Madhumanta	1
Kṛṣṇaśvetam	1
Sahasraśikha-	1
Bless-	1
Kuvalayā-	1
pīḍa	1
Sadāśiva	1
Menā<sup>2</sup>	1
Citraketu<sup>3</sup>	1
Yogamāyā<sup>4</sup>	1
Vāmana<sup>5</sup>	1
Agni<sup>7</sup>	1
Vicitravīrya<sup>1</sup>	1
Dhṛtarāṣṭṛa<sup>2</sup>	1
Aṅgāri	1
Krṣṇa	1
Mārgaśīrṣa<sup>1</sup>	1
Purumitra	1
Asamañjasas	1
Ganges<sup>3</sup>	1
Dilīpa<sup>5</sup>	1
Aṃśumat	1
Distin-	1
ānd	1
Pathyā	1
Upavāḥyaka	1
Āradhita	1
Akro-	1
Asamañ-	1
Sagara<sup>4</sup>	1
Śāketa<sup>5</sup>	1
Rāmatīrtham<sup>6</sup>	1
Veda<sup>7</sup>	1
vighnanāyaka	1
Gomatī-	1
Kaṃsa<sup>1</sup>	1
[Paṭumān	1
Hālāhala-	1
Parti-	1
Apratiman	1
prajāpati<sup>1</sup>	1
Śilodā	1
Viṅatā	1
Śyenī-	1
Jaṭāyu<sup>4</sup>	1
Ilāvṛta-	1
Pṛthivī	1
Riṣṭa	1
Kubalāśva	1
Vaidyanātha	1
Tarṣa	1
Bhar-	1
myāśva	1
Vivici	1
Anīkavān	1
Absolute<sup>5</sup>	1
Brahman<sup>7</sup>	1
Krśāśva	1
Dhūmra-	1
Haihayaṣ	1
Vaijayanti<sup>3</sup>	1
Pulasya<sup>4</sup>	1
Matsyarāja	1
brāhmanicide<sup>7</sup>	1
Garga<sup>10</sup>	1
Cakra<sup>11</sup>	1
Tālajaṅgha<sup>12</sup>	1
paśupāla	1
kṣetrapāla<sup>13</sup>	1
tālavanam	1
Nārada<sup>14a</sup>	1
Āpavas	1
Irāvān	1
Babruvāhana	1
Maṇipurapati	1
Aśvathāmas	1
Kośala<sup>5</sup>	1
Kurus<sup>8</sup>	1
drā	1
Syamantapañcaka<sup>15</sup>	1
Brāhmaṇa<sup>16</sup>	1
Nivātakavacas<sup>17</sup>	1
Vārāha<sup>21</sup>	1
Āpava<sup>23</sup>	1
Pārtha	1
Śamīkā	1
Arbuda	1
Puram-	1
Uda-	1
Caṣaṇis<sup>1</sup>	1
Kūrma-	1
Śisumāra	1
Phālgunis	1
Maghā	1
Svarocisa	1
Konka	1
Venka	1
Viśāla<sup>2</sup>	1
Sannati<sup>1</sup>	1
Gomatīputra	1
Śāntakarṇa	1
Nalini	1
Nālini<sup>1</sup>	1
Yadu<sup>3</sup>	1
Kāśī<sup>1</sup>	1
Avan-	1
tikā<sup>2</sup>	1
Puruṣa<sup>5</sup>	1
Ābhīras<sup>5</sup>	1
Āhuka<sup>2</sup>	1
Gayantī	1
Agni-Acchāvāka	1
Turva-	1
Anaila-Īśāna	1
Śālmali-dvīpa	1
Pañcaparva	1
Brāhmaṇas<sup>2</sup>	1
XIIIth	1
Bindusāra	1
Vārisāra-<sup>1</sup>	1
Suyaśas<sup>2</sup>	1
Vañjuli	1
Aśmasārio	1
Nāga<sup>4</sup>	1
Sutalam<sup>5</sup>	1
Phalguna<sup>6</sup>	1
Vandanīya	1
Kṛpi-	1
Aśvathāmans	1
Aśvathā-	1
Manu<sup>5</sup>	1
Droṇaputra	1
Gandhar-	1
Indra<sup>7</sup>	1
Yamunā<sup>8</sup>	1
Somadatta<sup>14</sup>	1
Asīmakṛṣṇa	1
Dadhy-	1
aṅga	1
Nāgnicit	1
Vājivaktra	1
Ulūkajit	1
Badavā	1
Nāsatyas<sup>1</sup>	1
Dadhyaṅga<sup>3</sup>	1
Mādrī<sup>6</sup>	1
Rāvaṇa<sup>11</sup>	1
Candraśāla	1
Devī<sup>12</sup>	1
Bhaṇḍa<sup>20</sup>	1
Bhārgava-gotrakāra	1
Lauhi<sup>2</sup>	1
tāla	1
Merupṛṣṭa	1
“Puruṣottama	1
Śabalāśvas-	1
Kākutstha	1
Susamaujas<sup>1</sup>	1
[Asāmañjas	1
Tamojāta	1
Havyasūda	1
Viraṇa-	1
Bhīṣma<sup>1</sup>	1
Yudhṣṭhiras	1
Syamanta-pañcaka	1
Asita<sup>8</sup>	1
Śāṇḍilyas	1
Devala<sup>2</sup>	1
Asita<sup>2</sup>	1
Aśvamedhaja	1
Nemicakra<sup>1</sup>	1
Śeṣa<sup>7</sup>	1
Pitrs<sup>10</sup>	1
Praḥlāda<sup>11</sup>	1
Asiratnam	1
Āgneyam	1
Aindram	1
Aiṣīkāmam	1
Kampanam	1
Kāpalam	1
Kālamud-	1
Kainkaram	1
Krauñcam	1
Tāpanam	1
Tvāṣtram	1
Nandakam	1
Nārasimham	1
Nārāyaṇāstram	1
Paiśācam	1
Pramathanam	1
Prasthāpanam	1
Prasvāpa-	1
Bhāvanam	1
Bhairavam	1
Matha-	1
Mahābalam	1
Māyādharam	1
Mohanam	1
Mausalam	1
Vāruṇam	1
Vikampanam	1
Vāyavyam	1
Śātanam	1
Śāma-	1
Śailam	1
Ṣośadam	1
Samvartanam	1
Sārpam	1
Sāvitram	1
Somāstram	1
Hayaśiras<sup>1</sup>	1
Anādṛṣṭi	1
Śatānanda<sup>1</sup>	1
Badhyāśva	1
Śadānanda<sup>1</sup>	1
Devas<sup>4</sup>	1
Kṛṣṇapakṣa<sup>5</sup>	1
Maṇvara	1
Devānīka<sup>1</sup>	1
Amarāvatī<sup>1</sup>	1
rāja-	1
Kauberaka	1
Hariśṛṅga<sup>3</sup>	1
Dikpāla	1
Cow-Earth	1
Maryādā	1
Parvata<sup>2</sup>	1
Śunaḥśepa	1
Kaśypagotrakāras	1
Varūtha	1
Pañcayāma	1
Raivatamanvantara<sup>2</sup>	1
yavāruni<sup>5</sup>	1
Niṣprakampa<sup>6</sup>	1
Sūtapūḥ<sup>7</sup>	1
Svastyātreya	1
Saty-	1
Āpomūrṭi	1
Śanīśvara	1
Gadā-asura	1
Satrājit<sup>2</sup>	1
kuṇṭhas	1
Sādhyas<sup>1</sup>	1
Jayadevas<sup>2</sup>	1
Rāvaṇa<sup>6</sup>	1
kuṇṭha<sup>7</sup>	1
Bhuvarloka<sup>10</sup>	1
Lalitā<sup>11</sup>	1
Kāmakṣī	1
Nandagopagṛha<sup>3</sup>	1
Anu<sup>4</sup>	1
Vesudeva	1
Bhāva	1
Jātudha	1
Bindupīṭham	1
Indraprastha<sup>2</sup>	1
Kuśasthalī<sup>5</sup>	1
Revata<sup>1</sup>	1
Andha-	1
Niṣa-	1
Gardabhilas	1
Hūṇas<sup>2</sup>	1
Absolute<sup>3</sup>	1
vīryas	1
Hematālavanam<sup>3</sup>	1
Citrabhānu	1
Āṅgirasapravara	1
Śāntakarṇi	1
Ṛci	1
Rājis	1
Ābhīras<sup>1</sup>	1
Avabhṛti<sup>4</sup>	1
Āndhras<sup>5</sup>	1
Pañcanada	1
Nagnacit	1
nāyaka	1
Dharaṇi	1
Vidhātṛ-	1
Mṛkaṇḍa<sup>1</sup>	1
Vaitaṇḍya	1
Rāju	1
Vipāpman	1
Dhanvantari<sup>1</sup>	1
Aiḍa	1
Ṛṣabha-Hari	1
Ambu-	1
dhārā	1
madhyadeśas	1
Kaliyuga<sup>3</sup>	1
Dharmasetu	1
Krauñca-dvīpa	1
Dvaipāyanī	1
Upadraṣṭa	1
Ganges-Yamuna	1
rajaṛṣi	1
Kṣatradvijas	1
Prācyas	1
Ālambā	1
Pārāśarya	1
Kauthuma<sup>1</sup>	1
Kaśyapagotrakaras<sup>2</sup>	1
Asuri-Burnouf	1
Brahmaṛṣi<sup>2</sup>	1
Urukṣava<sup>2</sup>	1
Kaṃsa<sup>3</sup>	1
Āhukāndha<sup>9</sup>	1
Bhoja<sup>10</sup>	1
Prabhāsa<sup>11</sup>	1
X[50	1
Vastu	1
Āryāvarta	1
Promi-	1
Śantāyu	1
Śara-	1
Kimpuruṣa<sup>8</sup>	1
Kalāpa	1
Gayā<sup>10</sup>	1
Śataratha	1
Viśvasahasra	1
Viśra-	1
Vaiśravas	1
Dṛḍhacyuta	1
Kratus	1
Māna-	1
Earth<sup>3</sup>	1
Vasiṣṭha<sup>13</sup>	1
Purūravas<sup>15</sup>	1
Brāhmaṇa<sup>20</sup>	1
Kavacas<sup>21</sup>	1
Kurus<sup>25</sup>	1
ṭhiras<sup>26</sup>	1
Brāhmaṇa<sup>27</sup>	1
Viśvarūpas	1
lomī	1
Kaśyapa<sup>30a</sup>	1
Kṛṣṇa<sup>31</sup>	1
Indrāṇī’	1
Bībhatsu	1
Asuras<sup>35</sup>	1
Vaikuṇṭḥa<sup>36</sup>	1
Marutta<sup>40</sup>	1
Arjuṅa<sup>41</sup>	1
Śiva<sup>42</sup>	1
Viśvabhuk	1
Tretāyuga<sup>43</sup>	1
vyāsa	1
Prahlada	1
Varāngis	1
Indraprastha<sup>55</sup>	1
Nemi<sup>61</sup>	1
Kārtikeya<sup>62</sup>	1
Asuras<sup>63</sup>	1
devagaṇas<sup>64</sup>	1
Vidarbhā	1
Lanka	1
Garjanam	1
Tejasa	1
Taijasa-	1
Sindhu<sup>1</sup>	1
Bandhupālita	1
Brahmavādin<sup>1</sup>	1
Markaṇ-	1
ḍeya-<sup>1</sup>	1
Kuṇi<sup>2</sup>	1
Bhagīvasu	1
makṣetra<sup>3</sup>	1
manuṣyadharma	1
Devaṛṣabha	1
Pūrva-Burnouf	1
Mudgola	1
Vidar-	1
Tāmasamanvantara	1
Havyavāha	1
Matsya<sup>3</sup>	1
Sumerumadhyama-	1
Supārśva-	1
Mandara-	1
Saṅkarṣṇa	1
Harivarṣa<sup>5</sup>	1
Jambudvīpam	1
Samhikeya	1
Balvala<sup>4</sup>	1
Śāvarṇi	1
Avijñānagati<sup>3</sup>	1
Trinity<sup>1</sup>	1
Parāśra	1
Vajrahā	1
tāna<sup>2</sup>	1
Harivarsa	1
Dāśārhas<sup>2</sup>	1
Dvārakā<sup>5</sup>	1
Dvārakā<sup>7</sup>	1
Nanda<sup>14</sup>	1
Gandharva<sup>2</sup>	1
kanyā	1
Kārtā	1
Sāmaga-	1
Ugrāyudhas	1
Bhadrā<sup>2</sup>	1
Yogeśvari	1
Dhundhu<sup>2</sup>	1
Vicitta	1
Guhāvāra	1
Āṅgirasa	1
Vaccala	1
Māṭṛs	1
ṣiṇāpatha	1
Utkalas<sup>2</sup>	1
Pramada	1
Vedaśrutas	1
Bhadras	1
Pakṣirāja	1
Suparśva	1
niṣad	1
ṣit<sup>2</sup>	1
Urvaśī<sup>3</sup>	1
Mūrchanā	1
Devahū	1
Hariṇmān	1
Parīkṣit<sup>1</sup>	1
Vidura<sup>3</sup>	1
Īkṣvāku	1
Śakuni<sup>2</sup>	1
Bāḍavas	1
Amśa	1
Sahasrākṣa	1
Lolā	1
Bhal-	1
lāṭa	1
Bhallābha-	1
Bhallāda	1
Vihī-	1
Arbhaka	1
Udāyi-	1
Cāriṣṇu-Vasiṣṭha	1
Prācinagarbha	1
Vaṃśaka	1
Sāmaga<sup>2</sup>	1
Ṛṣikulyā	1
Mathurā<sup>1</sup>	1
Sairan-	1
Upaplā-	1
Vidura<sup>10</sup>	1
Udbhijjavarṣa	1
Udbhita<sup>1</sup>	1
Kuśadvīpam<sup>2</sup>	1
Udbhida	1
Brahmapura	1
Sālmalīdvīpa	1
Darpa	1
Samśaya	1
Unmādas	1
Upaguru	1
Yama-	1
Ugrasenā	1
Ṛtusā-	1
Rudraputrasāvarṇi-	1
Madirā<sup>1</sup>	1
dāsis	1
Aupamanyus	1
Samkṣipta	1
Samśya	1
Khat-	1
vāṅga	1
Ekārṣeyā	1
Kīrti<sup>5</sup>	1
Diti<sup>6</sup>	1
Gava	1
Rudrāṇī<sup>3</sup>	1
Sukumāra<sup>4</sup>	1
Mahāgirinagara	1
Mandaragiri<sup>8</sup>	1
Umā<sup>11</sup>	1
Andhakāsura	1
Devagaṇa<sup>12</sup>	1
Subrahmaṇya<sup>13</sup>	1
Benares<sup>14</sup>	1
Viṅāyaka	1
Āhārya	1
Śaradvata<sup>3</sup>	1
Agnisthāli	1
Purūravas<sup>4</sup>	1
Aila<sup>9</sup>	1
Ābhīra	1
Bhārabhūti	1
Bhāsi	1
Śukī<sup>1</sup>	1
Āśvalāyanins	1
Irāvān<sup>1</sup>	1
Nāgakanyā<sup>2</sup>	1
Oṣā-	1
Śiśumāracakra<sup>2</sup>	1
Pārṣṇi<sup>3</sup>	1
Amarakaṇṭakakṣetra<sup>5</sup>	1
Pārṣṇigrāha<sup>4</sup>	1
Śitapu	1
Naiṣ-	1
thīya	1
Uśīrāgni-	1
Uśijas	1
Abhayā	1
Cariṣ-	1
Agnisambhava	1
Sudhanvā	1
Śvārociṣa	1
Sudhāmana	1
Pārāśāra	1
Samvaraṇa	1
pañcārṣeya	1
vānara	1
Mṛgamandā	1
Rksas	1
Agnimātara	1
Pārāśari	1
Māṇḍuki	1
Viṣṇu<sup>5</sup>	1
Praty-	1
aṅgirasa	1
Pratyangirasa	1
Apravāna	1
Nāhuṣi	1
Śunahśepa	1
Śunahpuccha<sup>3</sup>	1
Bhārgavas<sup>4</sup>	1
Ṛtusāvarna	1
Varṣanāḍi	1
Samattī	1
Nimi<sup>5</sup>	1
Agni<sup>10</sup>	1
Umā<sup>12</sup>	1
Sujyoti	1
Ayutāyus	1
Bhuvarloka<sup>1</sup>	1
kunṭḥa	1
Paulomī	1
Ambudhārā	1
Eightyone	1
Koṅka	1
Veṅka	1
Karnāṭa	1
Ṛsis	1
Vasumān	1
Vatsāra-	1
Śuktimatī	1
Rṣikas	1
Caturaṅga	1
Lompāda-Daśa-	1
Śan-	1
Śaṅkadvīpam	1
Suvarman	1
Niṣadas	1
Saḥya	1
Hamsa-Nārāyaṇa<sup>1</sup>	1
Twenty-seven	1
Śiśunāgas<sup>1</sup>	1
Pratīpāśva	1
Supratīpa	1
Suddhaudana	1
Sumitra<sup>2</sup>	1
Caturyuga<sup>3</sup>	1
Iḷa	1
rājaṛṣi<sup>1</sup>	1
Airaṇḍī	1
Sāmagāna	1
Vṛtra<sup>3</sup>	1
Irāvata	1
Aumkāra<sup>2</sup>	1
Utkṛṣṭa	1
Ṛtudhāmāgni	1
Kṛtamālā	1
Apravāṇa	1
Apruvat-	1
Paraśurāma<sup>11</sup>	1
Phalgutanta	1
Tālajaṅgha	1
Māgadhan	1
Pāñ-	1
cāla	1
Mallas	1
Drumila	1
Kuva-	1
layāpīḍa	1
Rāma<sup>5</sup>	1
Akrūra<sup>6</sup>	1
Kuntī<sup>9</sup>	1
Ugrasena<sup>11</sup>	1
Revatas	1
Surata-	1
Kuśasthali	1
Vanhivāsā	1
Kekivā-	1
Mahāvajreśvarī	1
Giripraja-	1
Kṛṣṇāṅ-	1
Vṛṣaparvans	1
Dhurya	1
Navakaṇṭhāyāna	1
Śuṅga-	1
Pañcāla	1
Vāśiṣṭha	1
Lāṅgali	1
Medhā-	1
Śuṅgas	1
Tārkṣyā	1
Kāliya<sup>1</sup>	1
Durdama-	1
Strīrāṣṭra	1
Bho-	1
Trairājya	1
Mūṣika	1
dharā	1
Raudram	1
Lomaśa	1
Muṇdapṛṣṭa	1
Strirāṣṭra	1
Bhakṣyakas	1
ṣiṇamānasa	1
deva-gaṇas	1
Banaras<sup>2</sup>	1
Gajāsura<sup>3</sup>	1
Pisācas	1
Kūṣmāṇḍas	1
Indrapratima	1
Parāśāras	1
Vidyadharas	1
Saketu	1
Dharmarata	1
Pañcavana<sup>13</sup>	1
Kapilavarṣa	1
Kuśadvīpam<sup>3</sup>	1
Kāpileya	1
Mahāliṅga	1
Kapilā	1
Kūṣmāṇḍas<sup>2</sup>	1
Tat-	1
Vedasparśa-	1
Budha<sup>1</sup>	1
Vasiṣṭha<sup>3</sup>	1
Gaṅgā<sup>4</sup>	1
Śiva<sup>5</sup>	1
Mahotpala	1
Kampātarangiṇī	1
Sutalam<sup>2</sup>	1
Tripurārī<sup>3</sup>	1
Māgha<sup>4</sup>	1
Elāputra	1
Devārha-	1
Asamañjas	1
Kambalabarhi-	1
Jambhā	1
Tribhānu	1
Ativibhūti	1
Āvikṣit	1
Vetāla	1
Na-	1
Mahālakṣmi	1
Bṛhaccāpa	1
Suprītakavanam	1
Dakṣiṇāyana	1
Nāga<sup>2</sup>	1
Māhiṣamati	1
Tripurārīs	1
Vṛṣasena<sup>1</sup>	1
Yudhiṣtiras	1
Lakṣmaṇā<sup>4</sup>	1
Bala<sup>5</sup>	1
Sūta<sup>6</sup>	1
Karṇā-	1
Ṛtadhā-	1
Vārṣāyaṇi	1
Sāmudra	1
Gār-	1
Kroṣtuki	1
Kapīla	1
Śaṅkhapada	1
Sinīvalī	1
Kukṣi	1
Śamkhapa	1
Sṛtañjaya	1
tāntric	1
Preach-	1
Dhṛtarāṣṭri	1
Himalayas<sup>1</sup>	1
Hīmsā	1
Durukti	1
Mṛtyu<sup>1</sup>	1
Sāmudri-	1
Tvāṣṭri	1
Śadrama	1
Kaliṅgas	1
Tatvalam-	1
madhyadeśa	1
Amarakaṇ-	1
Guhas<sup>6</sup>	1
Dakṣiṇāpatha<sup>2</sup>	1
Pārāśraya	1
Viṣṇuyaśas	1
Śambalagrāma	1
Invoked<sup>2</sup>	1
Pramiti	1
Dvāpara<sup>2</sup>	1
Prīyavrata	1
Barhiṣmati	1
Śrāddradeva	1
Parabrahman	1
Uśīrāgni	1
Gauh	1
Kaviruta-	1
Vivasvat<sup>8</sup>	1
Madhyadeśā	1
rāma<sup>9</sup>	1
Rudras<sup>12</sup>	1
Brahmā<sup>13</sup>	1
Piṇḍāraka<sup>3</sup>	1
Ṛṣyaśṛṇga	1
Śuklatīrtha	1
Bharadvāja<sup>2</sup>	1
Sūcīmukha	1
Kse-	1
Sudeṣṇā	1
Dīrghaṭamas	1
Brāhmaṇahood	1
Kauṣmāṇḍas	1
Subdha	1
Me-	1
dhātithi	1
Sama	1
Mahiṣāsura	1
pakaśaila	1
Mahāmegha	1
Agniveśya	1
Jātukarṇa-Burnouf	1
kula-Āgniveśyāyana	1
Ajāmila<sup>1</sup>	1
Daitya-rākṣasas	1
Kumbha	1
Anaṅgavatī	1
Prīti<sup>4</sup>	1
Siddheśvaram	1
devīs<sup>7</sup>	1
Sobhayantya	1
Kāmagiri	1
Kāmākṣiśilā	1
Suṣvadha	1
Ketumāla<sup>1</sup>	1
Durmarṣa	1
Yaśodhāri-	1
Revatī<sup>1</sup>	1
Dhenukāraṇya	1
Kamalālaya	1
Bābhravya	1
Pāñcāla<sup>2</sup>	1
Ādilakṣmī	1
Mahālakṣmī<sup>1</sup>	1
Gandhamādana<sup>2</sup>	1
Kāmeśī	1
Bhramyāśva	1
Samara<sup>1</sup>	1
Aṅgadiya	1
Lakṣmaṇas	1
Śrutadevā	1
Uttarāpatha	1
Kṛttikas<sup>2</sup>	1
Pradyumna<sup>5</sup>	1
Pāvaki	1
Yāśaskari	1
Dhanuśśāla	1
Spirit<sup>1</sup>	1
Bhairva	1
Avyakta	1
Durbhagā	1
nāgas	1
Durgā<sup>1</sup>	1
Kālā<sup>2</sup>	1
Kālatoya	1
Veśya	1
antakāri	1
Kālī<sup>2</sup>	1
Maṇidhānya<sup>2</sup>	1
Kālānala-	1
Sabhā-	1
Bhānū	1
Kaṃsās	1
Yavaneśvara	1
Mlec-	1
Candrabhāgā	1
Paṇḍita	1
Sālavanam	1
Kālakeya	1
Anī-	1
Rama-	1
ṇaka	1
Talvalam	1
Kālanjara	1
Dāśeyī	1
Nṛsimha<sup>2</sup>	1
dvaipāyana	1
Amṛtaman-	1
Hlā-	1
dinī<sup>1</sup>	1
Kṛsṇa	1
dvaipā-	1
Sangamam	1
Sunaha-	1
Kavisuta	1
Gonāma	1
Varūtrī	1
Marka<sup>1</sup>	1
Bhṛgus<sup>2</sup>	1
Yayāti<sup>3</sup>	1
Yogotpatti	1
Śunahotra	1
Sutahotra-	1
Suho-	1
Śvaphalka<sup>1</sup>	1
Vṛṣabha<sup>2</sup>	1
Janapada<sup>3</sup>	1
Yadus<sup>4</sup>	1
Kāmākṣī<sup>7</sup>	1
Kuśadhvaja<sup>8</sup>	1
Veda<sup>9</sup>	1
Sarvaga	1
Sarvavṛka-	1
Kāsī	1
Sindhu<sup>2</sup>	1
Medhā<sup>3</sup>	1
Haviṣmān	1
Sannuhotra	1
Kālasarpi	1
Ramas	1
Anta-	1
Aśvamukhas	1
Śivapura<sup>2</sup>	1
Mahānīla	1
Kailāsa<sup>4</sup>	1
Āgnihotra	1
Dumna	1
khaṇḍa	1
Kinnaras<sup>1</sup>	1
Krodhavaśā<sup>5</sup>	1
Vasudhāra	1
Ratna-	1
Bhāratavarṣa<sup>5</sup>	1
Viṣnu<sup>1</sup>	1
Guṇḍas	1
Vṛṣa-	1
Kailasa	1
Vāli<sup>1</sup>	1
Tārā<sup>2</sup>	1
Lohadaṇḍa	1
Gṛdhrakūṭā	1
Śoṇaka<sup>2</sup>	1
Dharmatantra	1
Yaśas	1
Devī<sup>3</sup>	1
Kamsā-	1
Satvaṇuha-	1
Ekāmbheka	1
Pratimbaka	1
Gaṅga	1
Andhaka-	1
Ugrasena-	1
Dhṛṣṭa<sup>1</sup>	1
Kula-	1
sundarikā	1
Pauṣyañti	1
Sāmasamhītas	1
Kucaila	1
nakṣatra<sup>2</sup>	1
Karaṅka	1
Sañjaya-	1
Indupramati	1
Gaṅgā<sup>1</sup>	1
Tuṇḍikaras-Pargiter	1
Jaṭāmāla	1
Pau-	1
ṣyañji	1
Dharmanetra	1
Sohañji-	1
Sahajit-	1
Dhṛṣṭia	1
Kunti-	1
Sorensons	1
Kuntibhoja<sup>2</sup>	1
Mahāmāyā	1
Karṇa<sup>1</sup>	1
Drupadas	1
Dvārakā<sup>9</sup>	1
Regret-	1
Pāriyatra	1
Rukminī<sup>1</sup>	1
Vaiśrāvaṇa	1
naravāhana	1
lāsa<sup>6</sup>	1
Nala-	1
kūbera<sup>7</sup>	1
ṣasas	1
Tāraka<sup>8</sup>	1
Yakṣas<sup>11</sup>	1
Tripurāri<sup>13</sup>	1
Piśācaka	1
Kārtti-	1
Tārakāsura	1
Tāraka<sup>1</sup>	1
Umas	1
cāraṇas	1
yakṣas	1
Devasenā	1
senāpati<sup>6</sup>	1
Mayūra	1
Sānkhyāyana<sup>2</sup>	1
Kumāra-	1
prajāpati	1
Pālapañjara	1
purī<sup>2</sup>	1
Candratīrtha	1
Cāndramasa	1
Śatabalūs	1
Nilāvṛta	1
Śālmaladvīpa<sup>2</sup>	1
Kinnaras<sup>3</sup>	1
śika	1
Kumudākṣaṇa	1
Kapilā<sup>1</sup>	1
Kaikarī	1
Talam<sup>1</sup>	1
Bhadraśīma	1
Plakṣadvīpā	1
Thirty-six	1
Śisunāgas	1
Śṛngavaṭam<sup>2</sup>	1
Śṛṅgavatvarṣa<sup>3</sup>	1
Samvarna	1
Tapaṭī	1
ṣits	1
Kauravas<sup>3</sup>	1
śaḍvala	1
Pṛthvi	1
Harī<sup>1</sup>	1
Sarasvatī<sup>2</sup>	1
Samvaraṇa<sup>8</sup>	1
Dharmakṣetra	1
Vāmana<sup>13</sup>	1
Kuladharma	1
Nityā	1
Malaya-	1
Candravasā	1
Tamraparṇī	1
Vaṭodaka	1
Kuninda	1
Kulayāḥ	1
araṅga	1
Ambaṣṭha	1
Śrāvasta-	1
Kapilāśva	1
Vālmikīs	1
Atithi<sup>1</sup>	1
Kuśāmbu	1
Balākāśva	1
Kauśāmba	1
Suroda	1
Ghṛtoḍa	1
Kuśodakā<sup>3</sup>	1
Jambūdvīpa<sup>4</sup>	1
Mahādeva<sup>5</sup>	1
Dharmadhvaja<sup>1</sup>	1
Sānkāśya<sup>2</sup>	1
Bhānu-	1
Kāśi<sup>3</sup>	1
Sāṅkāśya	1
Kauśala	1
Kuśanābha	1
Kośala-	1
Kuśāmba	1
Kuśāśva-	1
Kuśika<sup>1</sup>	1
Kuśīdi-	1
Udāyi	1
Udāyī	1
Kusumot-	1
Maṇivasa	1
Smṛti-	1
Sāya	1
Vijñānāstra	1
Śonita-	1
Pātālam<sup>1</sup>	1
purāṇa	1
Lakṣmīkalpa	1
Kakṣīvat	1
Kapis	1
Piśacās	1
Kaumārī<sup>3</sup>	1
ṇyanābha	1
Sāmayas	1
Ugrāyudha<sup>3</sup>	1
Uparicara-	1
Barhi	1
Tṛṇam-	1
Dharmi<sup>1</sup>	1
Raṇamjaya<sup>2</sup>	1
Janaka-	1
Kalinga<sup>6</sup>	1
Pratika	1
Pānḍavas	1
Upalāvya	1
Rukminī<sup>5</sup>	1
Iḍiviḍa	1
Nṛsimha<sup>1</sup>	1
Ghṛtācī<sup>2</sup>	1
Bahulāśva	1
Vaśin	1
sāvarṇa	1
Sannatīmat	1
Kṛtaratha-	1
Ākūti-	1
Pleidas	1
Kṛpaśāradvata	1
Śaradvat-	1
Kṛpī<sup>1</sup>	1
Syamantapāñ-	1
Śatānīka<sup>6</sup>	1
Succāyā	1
Śuktimanta-	1
Kṛmilā	1
Krimilā-	1
kṛmī	1
Kṛśā	1
Vṛṣalā	1
Iḍviḍa	1
Khatvāṅga	1
Dhiṣanā	1
Devapraharaṇas	1
Barhaṇāśva	1
Devapraharaṇa	1
Amitāśva	1
Marīcī	1
Ulūkikas	1
Śakaṭa	1
Rāsakṛīḍā	1
Brahman<sup>3</sup>	1
Nak-	1
Vijaya-muhūrta	1
Kaṃsā<sup>6</sup>	1
jātakarmā<sup>7</sup>	1
Nalakubera	1
Kālīyas	1
Śrīdāma	1
ḥrada	1
vidyādhara	1
Śankhacūda	1
Arīṣṭa	1
gopāla	1
Sudāma	1
Cānūra	1
Tośalaka	1
Mathurā<sup>21</sup>	1
Sāndīpanis	1
Hāstinapur	1
bhāṇḍa	1
Yadus<sup>23</sup>	1
Śrgālavāsudeva	1
Kṛtavarṇa	1
Prasenas	1
Pāṭha	1
Dvārakā<sup>30</sup>	1
miṇi	1
Śonitapura	1
Bāṇās	1
Uṣā<sup>31</sup>	1
Pauṇḍ-	1
Jarāsandha<sup>33</sup>	1
Kucailas	1
Ātma	1
Maithilā	1
Śrutadeva<sup>36</sup>	1
Badari<sup>38</sup>	1
Dāmaka	1
Hari<sup>41</sup>	1
Ābhiras<sup>43</sup>	1
Draupadis	1
Kuntīs	1
Parasurāmas	1
Śiva<sup>46</sup>	1
Vrata-	1
Hiraṇyakaśipu<sup>47</sup>	1
Brahmavaivarta	1
Aditi<sup>48</sup>	1
Vṛṣṇi<sup>50</sup>	1
munī<sup>1</sup>	1
Vīdura	1
Pīvari	1
Balipuccaka-	1
Kāṇva	1
Suśar-	1
Śāntakarṇa<sup>1</sup>	1
Asamaujasa	1
Khāṇ-	1
ḍikya	1
Kṛṣṇaveṇī-	1
Rukmiṇī<sup>2</sup>	1
Kurus<sup>7</sup>	1
Janapada<sup>8</sup>	1
Śyāmalā	1
Sim-	1
hikā	1
Dhūmaketu	1
Ketus<sup>3</sup>	1
Rajasa-	1
lokā-	1
Rājasa	1
Mlecchas<sup>4</sup>	1
Varāha<sup>6</sup>	1
Mahāvṛkṣa	1
Mārga-	1
dāyīnī	1
Keraladeśa	1
Janāpiḍa	1
Suvṛddhi	1
Khāṇdikya	1
Keśi	1
mañjasa	1
vamśakarta	1
Van-	1
Yakṣa-rākṣasas	1
Kampana	1
Śūtala-	1
Mālin	1
Kekasī	1
Śūrpaṇakhā<sup>2</sup>	1
Daitya-	1
ārṣeya-pravara	1
Lilitā	1
Alakā	1
Saugandhika<sup>1</sup>	1
Describ-	1
vasphāṇi	1
Cidi	1
Koṭitīrtham	1
Koṭavī	1
Koṭīśvara	1
Lalīta	1
Megha	1
Kolhapur	1
ṭhīra<sup>2</sup>	1
Kuśasthalī<sup>6</sup>	1
Paraśurāma<sup>7</sup>	1
Chandragupta	1
Nīla-prāśara	1
Saṃhitā	1
Havya<sup>1</sup>	1
Gāruḍas	1
Ārṣreyapravara	1
Nicakru-	1
Vālakhilyas’	1
Gādhi-	1
Vaiśāli-	1
Vṛka<sup>1</sup>	1
Sāvarṇi<sup>1</sup>	1
Cidī	1
Vaiśākhi	1
Pārthivas	1
Yājñavalkyas	1
Samarṣaṇas	1
Udumbaras	1
Udumlānas	1
Yamamuñcatas	1
Lohiṇyas	1
Reṇavas	1
Kāñṣavas	1
Babhravas	1
Pāṇinas	1
Dhyānajapyas	1
Śālāvakyas	1
yākṣas	1
Syaṅkṛtas	1
Gālavas	1
Devalas	1
Yāmadūtas	1
Sālaṅkā-	1
yanabāṣakalas	1
Dadātibādaras	1
Jaṭamāli	1
Vāruṇikratu	1
prajāpati<sup>3</sup>	1
Hayaśiras	1
Ṛṭu-	1
Sauntatī<sup>2</sup>	1
Dāru-	1
Idhmavāka	1
Kṣamā<sup>1</sup>	1
Pauṣa<sup>2</sup>	1
Rikṣa	1
Dhaiva	1
Devāyata	1
Duroṇa	1
Mahanja	1
Cikitvān	1
Pañcacūḍā	1
Rājabunābha-	1
Yak-	1
ṣamātā	1
Yakṣās	1
Kṣāma	1
Mahāraurava	1
Samaya	1
Śama-	1
Vinaya-	1
Parāsaras	1
Kārdaveya	1
Kaśya-	1
Dandaśūka	1
Bhīmasenas	1
Vṛjinavat	1
Dvajinīvan	1
Arjuṅa	1
Vṛjinīvat	1
Ghṛtoda	1
Rudra-	1
Described<sup>2</sup>	1
Mai-	1
nāka	1
Śankara<sup>4</sup>	1
Anamītra	1
II<sup>1</sup>	1
Priyavrata<sup>3</sup>	1
Aṅenas	1
Kṛtadharma	1
Brāhmaṇa<sup>2</sup>	1
Aindrasthānam<sup>2</sup>	1
Kalki<sup>4</sup>	1
Haviṣmantas	1
Devi<sup>7</sup>	1
Vaiśyakarma	1
Śūdrakarma<sup>8</sup>	1
Tālajan-	1
Rathitaras	1
Bharadvājas	1
Samkṛtyas	1
Bhārgavas<sup>2</sup>	1
Saunakas	1
Ārṣṭiaṣeṇas<sup>3</sup>	1
Śaṃyas	1
Mandagolapas<sup>4</sup>	1
dhātā	1
Ānṛhavān	1
Ārṣtiṣeṇa	1
Bhāganya	1
Anya	1
Kakṣīva	1
Śijaya	1
Runda	1
Brāhmaṇas<sup>5</sup>	1
UArvarīvān	1
Pīvari<sup>2</sup>	1
Ṛsyavat	1
Bṛhadkṣaya	1
Saharākṣa	1
Kravyādagni<sup>2</sup>	1
Jam-	1
būdvīpa	1
Upāsaṅga	1
Kṣīrasāgara	1
Kṣīrābdhi<sup>2</sup>	1
Saubhāgyam	1
Ādikūrma<sup>2</sup>	1
Trikūṭa<sup>3</sup>	1
Kuṇḍaka-	1
Kṣulika-	1
Nilā	1
Vimśa	1
Kṣemadharman	1
Prakṛtis<sup>3</sup>	1
kṣetrā<sup>4</sup>	1
Titikṣā	1
Brahmadhāna<sup>1</sup>	1
Ketumat	1
Kṣemakam	1
Plakṣadvīpam	1
Kurus-	1
Brahma-kṣetra	1
Surmāna	1
Vikramitra	1
Sudhīra-	1
Dīrgabāhu	1
Yaśodā<sup>1</sup>	1
rājaṛṣi<sup>2</sup>	1
Kṣupa-	1
Cakṣuṣa-	1
Vivīmśa-Vā	1
Tre-	1
tāmukha-	1
Ativibhūti-	1
Sugrīvi<sup>2</sup>	1
Puṣpotkaṭa<sup>1</sup>	1
Vitalam<sup>2</sup>	1
Tārakamāya<sup>3</sup>	1
Khāliya-Vā	1
Bharata<sup>1</sup>	1
Gaṅgā<sup>2</sup>	1
Niṣādhas<sup>2</sup>	1
Vikarṇa	1
Vilohita	1
Uṣa	1
Brahmadhanā	1
Piśacas	1
Kharvaṭa	1
Utsāha	1
Himalayas<sup>2</sup>	1
Sumeru	1
Bhadrā<sup>3</sup>	1
Jānhavī<sup>5</sup>	1
yagñaśāla	1
Rājasūya<sup>7</sup>	1
Draupadī<sup>8</sup>	1
Balarāma<sup>10</sup>	1
devī<sup>12</sup>	1
nakṣatramaṇḍala<sup>13</sup>	1
Kumāra<sup>14</sup>	1
Hastināpuram	1
Bhagīrathī	1
Kanakhala<sup>16</sup>	1
śrāddha<sup>20</sup>	1
Veda<sup>21</sup>	1
sāgara-sangama<sup>22</sup>	1
Gabhastalam<sup>2</sup>	1
Gajendramokṣa<sup>3</sup>	1
Ganeśa	1
Śoṇitapura<sup>1</sup>	1
Pahlavas	1
Vaisiṣṭha	1
Geome-	1
Bhaṇḍas<sup>1</sup>	1
Rathyas	1
Gāngeya<sup>4</sup>	1
mahānadī<sup>3</sup>	1
Ketumālas	1
Janasa	1
Cārūdeṣṇa	1
Sāmbha	1
Jaladhāravarṣam	1
Karmaśreṣṭa	1
Varīyas	1
Sahisṇu	1
Bāṇa<sup>5</sup>	1
Vajrāyudha	1
mahātīrtha	1
Gadā	1
Hetis	1
Baladeva<sup>2</sup>	1
Dharmasuta	1
Urvaśī<sup>4</sup>	1
Ketumālavarṣa	1
Vaibhāja	1
Kāmākṣī<sup>6</sup>	1
Ānīla	1
Niṣādhas	1
Mālyavan<sup>7</sup>	1
Bhadari	1
dhārasvara	1
Nāda	1
yajña<sup>7</sup>	1
Kārtavīrya<sup>9</sup>	1
Bhadra<sup>13</sup>	1
māyā-ridden	1
jīvas	1
Gajakarṇa	1
Gabhīra-	1
Akriya	1
Ūsu	1
Druti	1
mahāpuruṣa	1
gāthā	1
ṣiṇāpatha<sup>1</sup>	1
Gaya<sup>2</sup>	1
Gayāpuri	1
Viṣṇuloka<sup>4</sup>	1
Balakāśva	1
Gāyantī-	1
Dharmapṛṣṭa	1
Gṛdhravaṭa	1
Paraśurāna	1
Gayārūpa	1
Preta-	1
adhīmāsa	1
Gaya<sup>5</sup>	1
Gāyāgaya	1
Gayāsūra	1
Gayākṣetram	1
Gayāśira	1
Pretaparvata	1
piṇḍa<sup>3</sup>	1
Śvetakalpa-	1
vārāha	1
Yamapuri	1
siddhidevī	1
Suparṇā	1
Madhuvana<sup>3</sup>	1
Vedas<sup>4</sup>	1
Varuṇa<sup>5</sup>	1
Mura<sup>9</sup>	1
Naraka<sup>10</sup>	1
Dvārakā<sup>11</sup>	1
Hari<sup>13</sup>	1
madvādaśi	1
Lakṣa	1
Grahabali	1
Kanakhala<sup>17</sup>	1
Maṇimanta	1
Parna-	1
Sukeśa	1
Sataśruga	1
Kauraja	1
mahāpurāṇa	1
Chini	1
Kaṃśas	1
Nārāyaṇa<sup>3</sup>	1
Yudhiṣṭhira<sup>6</sup>	1
Haiha	1
Yantreśvara	1
Maunas<sup>1</sup>	1
Ābhiras<sup>2</sup>	1
soṇitam	1
Kaphavarga	1
Pittavarga	1
sudharmāna	1
Śrāddhadevi-	1
Bhūrīndrasena<sup>1</sup>	1
mānava	1
Kākustha	1
Sūdra	1
Lakṣmaṇā-	1
Nāraḍa	1
Vālis	1
Kār-	1
tavīrya	1
Khaṭvāngas	1
Yajña<sup>3</sup>	1
Kuśāmbua	1
Kuśanābha-	1
Brahmavit	1
Viśvāmītra<sup>2</sup>	1
Paurukutsi<sup>4</sup>	1
Prin-	1
Uccaiśśravas	1
Viṣṇupadam	1
Ārabdha-	1
Āraṭṭa	1
Subala<sup>2</sup>	1
Wel-	1
Vṛṣṇis<sup>8</sup>	1
Prajāpati<sup>3</sup>	1
P<sup>2</sup>	1
Raudrī	1
gauḥ	1
Prātassandhyā	1
kārika	1
Vāsudeva-Kṛṣṇa	1
Vīthī	1
Sravaṇa	1
Śatabhiṣak	1
Gar-	1
gabhūmi	1
Vaṃśa	1
Lokagandha	1
Syāla	1
Kṣatriya-Brahmans	1
Nirmathya	1
VIIIth	1
Triśanku-	1
Viśvāmitra<sup>2</sup>	1
Gopas<sup>1</sup>	1
Giri	1
Kṣatropakṣatra	1
Amantaṛīyavratam	1
Kakṣivān	1
Brahmaṇas<sup>1</sup>	1
Kakṣivat	1
Benares<sup>3</sup>	1
Piśā-	1
Gīticakranātha	1
Viśoka-	1
dvādaśivratam	1
guḍācala	1
Guṇatrayam	1
rājasa	1
pradhāna	1
sāmkhya	1
kriyā	1
ahimsā	1
sānti	1
avidyā	1
kānti	1
lajjā	1
śuddhi	1
tuṣti	1
puṣti	1
prāṇas	1
jñānin	1
Sāketu	1
śuśrūṣa	1
Sāndīpāni	1
Khāṇḍikya<sup>2</sup>	1
Sārāṇa	1
Śonitapura<sup>3</sup>	1
Heaven<sup>4</sup>	1
Tāraka<sup>5</sup>	1
Śakti<sup>6</sup>	1
Mahendranilaya	1
Māhiṣa	1
Kuhariṇi	1
āsana	1
siddhakṣetra	1
Brahmajñas	1
yakṣa-rākṣas<sup>6</sup>	1
Rākṣasas<sup>9</sup>	1
Saunaka<sup>1</sup>	1
kṣatropetadvija<sup>2</sup>	1
Tāmṛā	1
Śivaloka<sup>1</sup>	1
Jatāyu	1
Gṛdhreśvara	1
yajamāna	1
Gṛhapatis	1
jātakarmā<sup>1</sup>	1
Gorakṣa	1
goṣṭha	1
tapovanaṃ	1
Dhūtapāpa-	1
Bhadrakarṇikā<sup>5</sup>	1
Tāmraparṇī	1
Śankara<sup>6</sup>	1
yakaśipus	1
Bharadvāja<sup>1</sup>	1
Jāmadagnītīrtham	1
Havyavā-	1
Trisandhyā	1
Dīrghatams	1
Somapā	1
Vraja<sup>1</sup>	1
Vanacaras	1
Pralambas	1
Kaṃsā<sup>7</sup>	1
Dasyus<sup>1</sup>	1
Kātyāyani	1
Him<sup>1</sup>	1
Cūda	1
Mathrā	1
Mathurā<sup>7</sup>	1
Gopīśvara	1
Naiṣameya	1
Yajñavarāha	1
Gomatin-	1
Pūrīṃat	1
Alimat	1
Karavīra-	1
Gomatī<sup>2</sup>	1
Śāntabha-	1
Gomedam	1
Surabhi<sup>1</sup>	1
Brin-	1
dāvan<sup>1</sup>	1
grāmikā	1
Prāyopaveśa	1
Gotama-	1
Jayanta<sup>2</sup>	1
Surabhis	1
Nīryantra	1
Gautamavana	1
Svarāṭ	1
Ṛtathyas	1
Hastināpura<sup>2</sup>	1
Pāraśara	1
Pārvatī<sup>1</sup>	1
Kañya-kubja	1
Antinara	1
Bāhudā	1
Gaurika	1
Virāja<sup>1</sup>	1
Sudhāma<sup>2</sup>	1
Raṇti	1
Pratadvoca	1
Venkateswara	1
yajñaśāla	1
Nabha-agni	1
Vaimānikas	1
lakṣa	1
koṭi	1
Homa	1
grāmas	1
Grāma	1
Āraṇyas	1
paśava	1
saptā	1
araṇyakas	1
godhumā	1
aṇu	1
kulatthikā	1
syāmaka	1
nivāras	1
veṇuyava	1
markaṭaka	1
Ritviks	1
Sahajanyā	1
Hahā	1
Hahū	1
Rathasvana	1
Rathacitra	1
Hiḍimbā	1
Hi-	1
ḍambā	1
Haiḍimbī	1
vāta	1
Ūrṇa	1
Bhadrāśva-	1
Sun<sup>3</sup>	1
Ghṛtam	1
Langhā-	1
Vajra-	1
Trailokyamohana<sup>1</sup>	1
Cakravat	1
Angadvīpam	1
ekoddiṣṭa	1
Cakrarājarathendra	1
Śrīcakra	1
Mudā-	1
Prakaṭaśaktis	1
guptatarās	1
ājñāśaktis	1
Kulottīrṇa	1
Nigar-	1
Rahasya-	1
Geyaratha	1
cakrarāja	1
sām-	1
Aṇimas	1
Kutilākṣa	1
Daṇḍiṇi	1
Śyāmala	1
Sarupadevi	1
Hayāsana	1
Stambhini	1
Vighnadevi	1
Jvālāmālinika	1
aśva	1
Aṇima	1
daṇḍanīti<sup>2</sup>	1
cakravartī	1
Bali-	1
Airāvadi<sup>2</sup>	1
Vīriṇi-	1
Mala-	1
yavatī	1
Cīnamaru	1
Tālā	1
Masamūlika	1
Lāmyaka	1
Bāhlava	1
Pāraṭa	1
Kakṣi-	1
Vīmśa	1
Vasudeva-	1
Śivagaṇa	1
Nāgapati	1
Kolāṭa	1
Kulasundarīkā	1
Puramjanas	1
Caṇḍāla<sup>3</sup>	1
Caṇḍikā-	1
Makarandaka	1
Umā<sup>5</sup>	1
Bhautika	1
Varamūrti	1
RLomapāda	1
Citra-ratha-	1
Pṛthālaśva-	1
Vaimānika	1
Jvālāmālinikā	1
Vedarāśī	1
Kṛtam	1
Dvāparam	1
Sarvatobhadram	1
Amṛtama-	1
Viśvasandhi	1
Rohini	1
śara<sup>3</sup>	1
Candravaktra-	1
Tārāpīḍa	1
Duhśilā	1
Candraloka<sup>2</sup>	1
Candrāvartā	1
Lalita	1
Caitraratham	1
Sūryabimbaśāla	1
Somanātha	1
Mānasasaras	1
Rohiṇī-	1
Candraśayana	1
Salo-	1
Dviyajña	1
Sadācandra	1
Candradvīpa	1
Sahasrāśva	1
Dundumāra	1
Campāpurā	1
Pṛthulāśva-	1
Mālini	1
Vikaṅka	1
Maṇiśaila	1
Mālinī<sup>2</sup>	1
Campāvatī<sup>1</sup>	1
Campā<sup>2</sup>	1
Carakādhvaryus	1
Vajina	1
Brahmavadya	1
Carakas	1
Ārṣṭiṣeṇa	1
Ūkāra<sup>1</sup>	1
Kīrtimān	1
Raudra-Vaiṣṇava	1
Cak-	1
Pūrū	1
Mantra-	1
Manojava-	1
Ajita<sup>1</sup>	1
Manvantara<sup>2</sup>	1
Vīvimśati	1
Cākṣuṣe	1
Prace-	1
Mārṣā	1
Śākhins	1
Vāruni	1
Puṣkarini	1
Bhautya<sup>1</sup>	1
Rājarṣi	1
śukla	1
Indradhvaja	1
bhūmi<sup>4</sup>	1
Yajurveda<sup>1</sup>	1
Kumudadyutī	1
Viṣṭrāśva	1
Mohā<sup>2</sup>	1
Somatīrtha	1
Cāra	1
Cāracakṣu	1
Cāras	1
Gaṇḍūṣa<sup>2</sup>	1
Cāruvinda-	1
Cinta	1
Cittakarṣaṇarūpā	1
Antā	1
Śuddhaparā	1
Agāvata	1
Citrā	1
Pṛṣṇi-	1
Madanas	1
Śatarudriya	1
Ṛṣyavanta-	1
Devabhāgā	1
Kṛtādyuti	1
Kṛtādyutī	1
Jamunā	1
Adhidevatā	1
Uttarāṣāḍha<sup>1</sup>	1
vīryārjuna	1
Reṇukā<sup>2</sup>	1
Supārśvaka	1
Kavi-	1
Ruṣśanku-	1
Vidyādharas<sup>1</sup>	1
Raśādu	1
Ūṣās	1
Kailasa<sup>1</sup>	1
Satyabhāma	1
hotā	1
mātaṅgakanyakās	1
Śṛṅgāraśāla	1
Cidvanhi	1
Mahādevis	1
Mantrinātha	1
Sarvajña	1
yantarā	1
Cintāmaṇigṛha	1
Śripaṭṭaṇa	1
Cintāmaṇi<sup>3</sup>	1
Kaiśika-	1
Caitya<sup>2</sup>	1
Svārociṣa-Manu	1
Aila<sup>2</sup>	1
Madotkaṭa	1
Purukutsu	1
Ambariṣa	1
ghoṣa	1
Hariloka	1
Sunita<sup>5</sup>	1
Girīkā	1
Coladeśa	1
Colāḥ	1
yopaveśa<sup>5</sup>	1
Paulomi<sup>1</sup>	1
Āpravānam	1
Dadhica<sup>3</sup>	1
Vaikuṇtha	1
Śoṇaka	1
Chagalas	1
Mundīśara	1
Ajītas	1
Śaktas	1
Caturdaśi	1
Gāya-	1
Vinata<sup>2</sup>	1
Vāmadeva<sup>3</sup>	1
Sāmans	1
Pracaṇḍā	1
Viśvakarman<sup>1</sup>	1
Samjñās	1
Sarvajñā	1
Dasra<sup>2</sup>	1
Vṛṣaka	1
Vṛkala	1
Agniṣomātmakam<sup>2</sup>	1
Tattvas	1
Śaktikālā	1
adhyātma	1
ādhidaiva	1
ādhibhauma	1
prāṇa	1
Ajñāna	1
andhatāmisra	1
tāmisra	1
mahāmoha	1
Maricī	1
Śatarūpa	1
Tṛṣṭub<sup>3</sup>	1
Syeni-<sup>1</sup>	1
Gṛdhra	1
Aśvakarṇi	1
Sampāti<sup>1</sup>	1
Karṇi-	1
Śatagāmi<sup>2</sup>	1
Dahanakriya	1
Mithīlā	1
Vaideha	1
Father-in-	1
Manuja	1
Irāvatī<sup>1</sup>	1
Vājasane-	1
Trikharvi<sup>5</sup>	1
Loha-	1
Gārgya<sup>6</sup>	1
Sudeśa	1
cīnvat	1
Mahāśila-	1
Prumati-	1
Rājaṛṣi<sup>1</sup>	1
Mahāśāla<sup>2</sup>	1
Varuṇā<sup>1a</sup>	1
Virāṭ<sup>2</sup>	1
Puruṣ<sup>3</sup>	1
Maharlokam<sup>6</sup>	1
ṣasas<sup>1</sup>	1
Śarūtha	1
Keraḷa	1
Kāñcī<sup>2</sup>	1
Hiraṇyas	1
Bhaṇḍa-Lalitā	1
Gayā<sup>5</sup>	1
Purudvat	1
Bhadrasenā	1
Dhūmini	1
Yātudhāna<sup>1</sup>	1
Yakṣ-	1
Kauśikā-	1
Kāma-	1
Ṛṣimaṇ-	1
ḍala<sup>2</sup>	1
Kāmali	1
Suveṇu	1
Hariścandra<sup>4</sup>	1
Nīlapatākā	1
Jāmbūnadam	1
jāmbū-	1
Candraprabha<sup>2</sup>	1
Āgnīdhra<sup>2</sup>	1
Citrakūṭa<sup>1</sup>	1
Ilavṛtam	1
Kayādhū	1
Vṛṣā-Kapi	1
Suśruta-	1
Krta	1
Kṣatradharman	1
Vīkuṇṭha	1
Haryaśvaka	1
Hṛadas<sup>1</sup>	1
Ahina	1
Sārvabhauma<sup>1</sup>	1
Ārādhita<sup>2</sup>	1
Vaikuṇthas	1
Sādyas	1
Bṛhadkarman	1
Tālajangha<sup>1</sup>	1
Vaikarta<sup>3</sup>	1
Marutvati	1
Śacī	1
Lalitā-pīṭha	1
Dhūmravrata	1
Vṛṣabharāga	1
Hina	1
Āvantyas	1
Varāhaśaila	1
Live’	1
Asti	1
Prāpti	1
Yudhiṣṭhīras	1
Lakṣmaṇā<sup>8</sup>	1
Nabhasa	1
Jalada-	1
Jaladā<sup>1</sup>	1
Śākadvīpam<sup>2</sup>	1
ghaṭa	1
Śivalinga	1
Jalam	1
Mānavī	1
Jaṣaketu	1
Puṣpavat	1
Śrutaṛṣi<sup>2</sup>	1
Vidvān-	1
Budas	1
Vāmana-Kṛṣṇa<sup>2</sup>	1
Pūrū-	1
Vṛsakūpa	1
Viṣṇupurāṇa	1
Parāśara-<sup>2</sup>	1
Dvaipāyana<sup>1</sup>	1
Vedavyāsa<sup>2</sup>	1
Vedvyāsa<sup>3</sup>	1
Atri<sup>4</sup>	1
Jātūkarṇa-	1
Paija	1
Uttaradeśa	1
Śamtanu<sup>2</sup>	1
Pathya<sup>2</sup>	1
Tretāyuga<sup>1</sup>	1
Dhama	1
Navavīthis	1
nāgavithi-	1
Sambodhinī<sup>4</sup>	1
rādhā	1
Viśvamukhī	1
Śaṃtanu	1
Devavṛta	1
Hetuvāda	1
Vimala-	1
Pravāha	1
Jīvātma	1
Rahasyayogini	1
Śatśalāka	1
Śataśilaka	1
Chandogasamhitā	1
Hiraṇyanābha<sup>1</sup>	1
Sumantu<sup>2</sup>	1
Puravṛt-	1
Ṛkṣavān	1
Saivya	1
Śnuṣā	1
Udbhijja	1
Veṇumān	1
Vairatha	1
Soḍaśa	1
Aneyu	1
Riveyu-	1
Devi<sup>1</sup>	1
Trīkarṇika	1
jñāni	1
Yoga<sup>2</sup>	1
Ṭankaṇa	1
Sarvarogahara	1
Takṣaśīla	1
Śukra<sup>6</sup>	1
Prahlāda<sup>10</sup>	1
Kādraveya<sup>11</sup>	1
Suci<sup>12</sup>	1
vāhana	1
Kālaśakti	1
Twenty-four	1
Vedāntin	1
Pauleya	1
Pāñcāladeśa	1
Mahānāda	1
Āgama	1
Sangīta	1
vīṇa	1
Brāhmi	1
Pauruṣi	1
Antakāri	1
jāpatya	1
Vaiṣṇavi	1
Satarūpā	1
Tapoloka	1
Man-	1
Feb-Mar	1
rāgya	1
Saṃvaraṇa	1
Sudarīdra	1
Taptakuṇḍa-	1
lokapṛṣṭha	1
ajñāna	1
Rkṣavat	1
Ṣoḍasapatrābjā	1
Asamañja	1
Bheri	1
Missāṇa	1
Paṇavānaka	1
Śārngadevā	1
Sudarśana<sup>1</sup>	1
Sundā	1
Mārica-	1
Mārīca<sup>1</sup>	1
Tāntrika	1
ādhyātmika	1
ādhibhautika	1
ādhidaivika	1
Satyakas	1
Triśikha	1
Jyotirdhāmā	1
Raivata<sup>3</sup>	1
ukāra<sup>5</sup>	1
Himsa	1
mātras	1
Kālā	1
Prajākṣayakari<sup>1</sup>	1
Bhava<sup>2</sup>	1
Sadrama	1
Śiṣtācāra	1
Payovrata<sup>1</sup>	1
Brahmanas<sup>5</sup>	1
Indrasena<sup>7</sup>	1
Tripurasundari	1
Drāviḍa<sup>2</sup>	1
Tāmram	1
Devarakṣita<sup>1</sup>	1
Puṣpa-	1
Kalpakavā-	1
ṭika	1
Kāmśyaśāla	1
śukīs	1
Apsarasas<sup>3</sup>	1
Takṣaka<sup>2</sup>	1
Nandin<sup>5</sup>	1
Tāraṇa	1
Kumāra<sup>2</sup>	1
Vakra	1
Sunītī	1
Tārās	1
Viro-	1
Bṛhaspati<sup>4</sup>	1
Kolāhalas	1
Nakṣatramaṇḍala	1
Toraṇeśvari	1
Tārāmbikā	1
Kiṣkindhaparvata	1
Candrāvaloka	1
Sūryavamśa	1
Tārkṣya-	1
Tārkṣa	1
Patangī	1
Tārkṣyasuta	1
Tārkṣi	1
Mārgaśīrṣa<sup>2</sup>	1
tālas	1
Cakṣa	1
Ārṣeya-pravara	1
Akṣau-	1
hiṇis<sup>2</sup>	1
Avantya	1
Tuṇḍikera	1
Tālajangha<sup>2</sup>	1
Ruśadratha<sup>1</sup>	1
Uśadratha	1
Bṛhatratha	1
East<sup>2</sup>	1
Tamolipta	1
Daṇḍanī	1
sātvika	1
Sāvītra	1
Apsaras<sup>1</sup>	1
Phālguna-	1
Aṣtāvakra<sup>3</sup>	1
Kali-	1
Sarvamangalikānityā<sup>2</sup>	1
āvāhana	1
Gurutīrtham	1
Dhyāna-	1
Brahmatīrtham<sup>3</sup>	1
Tuṇḍakeśa-	1
Manovatī	1
Sukeśā<sup>1</sup>	1
Candrodaka	1
dundubhī<sup>2</sup>	1
Ananta<sup>4</sup>	1
Govardhana<sup>6</sup>	1
Mādhava<sup>7</sup>	1
Pañcacūḍas<sup>8</sup>	1
Madhu<sup>9</sup>	1
Kāvaṣa	1
Indrayuk-	1
dhūpa	1
Tuṣkaras-	1
Turuṣkāra-	1
Marutta<sup>2</sup>	1
Yavanas<sup>2</sup>	1
Svāyambhuva<sup>3</sup>	1
Thirty-three	1
Ādityas<sup>5</sup>	1
Prāṇakhyas	1
Yajñas	1
Yajiṣa	1
Santoṣa-	1
Parvan	1
Alambuṣā	1
Ceḍavīḍā<sup>1</sup>	1
Ilavilā-	1
Ālambuṣā	1
Somaśuṣma	1
Ṛsitīrtham	1
Paulaśtya	1
mokṣa<sup>2</sup>	1
prakāśaka	1
Kuthuma	1
Arvāktejas	1
Arvaksrota	1
Kapotaromā	1
Nandanodara	1
Yajus-śākha	1
Tittirā	1
Yajur-	1
Nalinī<sup>3</sup>	1
Śālmalam	1
Vairāgya<sup>3</sup>	1
Rākṣasas<sup>3</sup>	1
Andhaka<sup>4</sup>	1
Kapālas	1
Triṣṭub	1
Puroḍāśa<sup>5</sup>	1
Paṭṭiśa	1
Ambakas	1
Vidyā<sup>1</sup>	1
Tretāyuga<sup>6</sup>	1
Puṣkaradvīpa<sup>7</sup>	1
Uruksava	1
Vīśālā	1
Śodasapatrābja	1
Udāsīna	1
Duritakṣaya-	1
Trasadas-	1
Padmarajas<sup>3</sup>	1
Paramāṇu<sup>4</sup>	1
sārathi	1
Śāntaraya	1
Yūpas	1
Trikarṇaka	1
Jvālā	1
mālinikā<sup>2</sup>	1
Brahmavādinīs	1
Prakaṭaśakti	1
Triṇāciketa-	1
śikhā	1
Manas<sup>3</sup>	1
Śivetikā	1
vān<sup>2</sup>	1
Puṣpakam<sup>2</sup>	1
Divam	1
gīrathī<sup>4</sup>	1
Mānasa<sup>5</sup>	1
Tārakākhyapuram	1
Tripuradhvamsa	1
Guptayogini	1
Dṛṣadvatī<sup>1</sup>	1
Gods<sup>2</sup>	1
Tithis<sup>3</sup>	1
Vaidyutī	1
Nirguṇi	1
Niyāmikā	1
Viśoka<sup>3</sup>	1
Mahātmyam	1
Brahma-Puruṣottama<sup>3</sup>	1
Karmanāśā	1
Yud	1
Vaikaṭa	1
Kaikaṭa-	1
Dhānyakam	1
Trivarṣa	1
Yaśodharā<sup>1</sup>	1
Talam<sup>4</sup>	1
Prahrādi	1
Vaiṣ-	1
Tvaṣṭa<sup>2</sup>	1
varṇam	1
Praṇava<sup>3</sup>	1
Godāśrama	1
Divya	1
Āntarikṣa	1
Śamhitā	1
Cakravartins<sup>1</sup>	1
Yuga<sup>1</sup>	1
Vedas<sup>2</sup>	1
Tridhanva	1
Satyavrata<sup>1</sup>	1
Varṣa<sup>2</sup>	1
Strirājya	1
Kavaca	1
Puṇḍraketu	1
Sannivasa	1
Him-	1
Nārāyaṇavarma<sup>4</sup>	1
Citrākṣa	1
Āśvina<sup>7</sup>	1
śūlam	1
Vairocinī	1
Prahrādī	1
God<sup>3</sup>	1
Sun<sup>4</sup>	1
Śacipati<sup>7</sup>	1
Virocanā	1
Dvāravati	1
Śivadūti	1
Mūrti	1
Viśvasṛk	1
Pākhaṇḍas<sup>3</sup>	1
Bṛhaspatisava	1
Samādhī	1
Gaṇas<sup>5</sup>	1
Dakṣiṇāgni<sup>6</sup>	1
Mitras	1
Trimurtīs	1
Varkṣī	1
Māriṣā-	1
cetasaṣ-	1
Agha-	1
marṣaṇa	1
Nārāyaṇasaras	1
Vairinī-	1
Tārkṣyā<sup>11</sup>	1
Aditi<sup>13</sup>	1
Hari<sup>16</sup>	1
Śiva<sup>17</sup>	1
Ūrjā<sup>19</sup>	1
Pāñcajani	1
Śabalas	1
Prajāpatis<sup>2</sup>	1
Prācetasatvam	1
Devātīthi	1
Viśve-	1
Priyāya<sup>2</sup>	1
Mārīcigarbha	1
Dhṛtiketu	1
Ṛsabha	1
pravṛttiśāstra	1
Uttaramānasa	1
Udīcī-	1
Satabhiṣak	1
Vaiśvānarī	1
Yāmā	1
Ikṣvā-	1
daṇḍanīti	1
Kṣatriya<sup>3</sup>	1
Deccan	1
Tīrtham<sup>2</sup>	1
Vahīnara	1
Sitādri	1
Ana-	1
sūyā	1
Haiha-	1
Siddha<sup>4</sup>	1
Purohita<sup>6</sup>	1
Śyāmas	1
Gaviṣṭhias	1
Vamśa<sup>8</sup>	1
Prītā	1
Kauśikagotrakaras	1
Dadhisindhu<sup>2</sup>	1
apāna	1
Mantrakṛṭ<sup>2</sup>	1
Stambhamitra	1
Sārasvata<sup>3</sup>	1
Citti<sup>1</sup>	1
Vṛtras	1
Sārasvata<sup>1</sup>	1
Dvimūrdhā	1
Māyāśitā<sup>2</sup>	1
Kuṇḍina<sup>4</sup>	1
Dantavakra-	1
Śrutadevā<sup>1</sup>	1
Rājya-	1
daṇḍadhara	1
Rāṣtravardhana-	1
Rajavardhana-	1
Śrutaśravā<sup>1</sup>	1
Paṭuśravā	1
Rujakanyā	1
Bhīṣmaka<sup>3</sup>	1
Kāmesvarī	1
Vikeśa	1
Pulaha<sup>1</sup>	1
Abhaya<sup>1</sup>	1
Unnati	1
Mantrasarīra	1
Paurṇamāsi	1
Pratyuṣa	1
Devaṛsi	1
Aiḍa-	1
viḍa	1
Ilīvila-	1
Pāla	1
Indumatī	1
Dāśarathi	1
Rāma-	1
Tripurasundarī	1
Ekādaśaratha-	1
Samyuta	1
Nirvṛtti	1
Vyoma<sup>1</sup>	1
Gharmātmā	1
Daśārhakās	1
Gangeśvaram	1
Tirtham	1
Aśvins<sup>2</sup>	1
Hiṃavāns	1
Sāvarṇya	1
God<sup>	1
śiṣṭācāra<sup>2</sup>	1
jyeṣṭha	1
kaniṣṭha	1
Matsya<sup>7</sup>	1
śrotriya<sup>9</sup>	1
Śvetaparvata	1
Sujanghi	1
Dārakas-	1
Pradyumna<sup>4</sup>	1
Bhasmasnānavidhi<sup>2</sup>	1
Anangadānavratam	1
Dārvika	1
Daśārhas	1
Śūdras<sup>2</sup>	1
veśi	1
hīnajāti<sup>1</sup>	1
Paricārika	1
tāṇḍava	1
Sudharman	1
Śankhapāda	1
Hīraṇyaroman	1
Naiṛṛti	1
Patākinī	1
Śankhini	1
Māheśvari	1
Diggaja	1
Simhikā<sup>5a</sup>	1
Ādity-	1
Maruts<sup>6</sup>	1
paiśāca-character	1
Kaśyapa<sup>9</sup>	1
Pātālam<sup>12</sup>	1
Amśuman	1
Khaṭvāṅga	1
Kṛśaśarma	1
Suvarlokam	1
Varāngi	1
Svabhānu	1
Brahmana<sup>5</sup>	1
Prativyūha	1
Sahadeva<sup>2</sup>	1
Iksvāku	1
Pratiṣṭā	1
New-	1
Day<sup>1</sup>	1
Kṛṣṇapakṣa	1
Vidvan	1
Vindhyāśva<sup>1</sup>	1
Bhadraśreni	1
Dṛṣadvati	1
Menaka	1
sāvana	1
udagāyanam	1
dakṣiṇāyanam	1
bhavī	1
japasthāna	1
Bhaitrarī	1
Śa-	1
Ṣa-Sa	1
Pañcākṣara	1
Caturakṣara	1
Varamūrtis	1
Svaraśaktis	1
Varṇa-	1
Cakreśvarī	1
Kusuma-	1
Manuja-	1
Dikṣā	1
Bhagamālā	1
Saunahotra	1
Prakāśiraṭ	1
Kāśipa<sup>1</sup>	1
Arjadeva	1
Dhanvantri<sup>3</sup>	1
Raṣṭra	1
Dhan-	1
Kākṣīvat<sup>2</sup>	1
Gotama<sup>3</sup>	1
Kākṣīvat	1
Mantrakṛṭ<sup>5</sup>	1
Half-brother	1
Dilipa	1
Dundubhideśa	1
Candramṛtyu	1
Tray-	1
yāruṇi	1
Brahmaṇagati	1
Giridurga	1
Kumāripuram	1
Kumāripuram<sup>3</sup>	1
Moun-	1
Ānarta-	1
Abhibhūta	1
Rudraśreṇi	1
Vahī-	1
Bhadrasenaka	1
Sampatkarī-Sarasvati	1
Puṣpamiṣṭa	1
Gāndhāri<sup>1</sup>	1
Avanti<sup>6</sup>	1
dāsi<sup>12</sup>	1
Akṣauhiṇis<sup>13</sup>	1
Dūrvākṣī-	1
Dattātreya<sup>1</sup>	1
Pṛtha	1
Pūraṇa	1
Kārttikeya<sup>2</sup>	1
Pauṇḍraka<sup>3</sup>	1
Dūrvañ-	1
Nṛpañjaya	1
Sudharma-	1
Suśravas	1
Idh-	1
mavāha	1
Dhundumāra	1
Naimiṣāraṇya<sup>2</sup>	1
Haryaśvā	1
Devaloka<sup>2</sup>	1
Āhukāndha-	1
Yau-	1
dheyī-	1
Devakabhojaputrī	1
Sunāmā	1
Vasus<sup>1</sup>	1
Kīrtimat	1
Ṛṣabha<sup>7</sup>	1
Davaśaila-	1
Guhāvāsi	1
Devana-	1
Devaguhī-	1
Devajananī-	1
Uruśrava	1
Agniveśa	1
Kālasarpī<sup>1</sup>	1
Muṇḍapṛṣṭha<sup>2</sup>	1
Puṣṭi<sup>3</sup>	1
Dhenumatī	1
Parameṣṭhī	1
Pratima	1
Kam-	1
balabarhiṣa	1
Rai-	1
Devamiḍha	1
Mahābhāga	1
Śun-	1
Kṣemabhūmi-	1
Devamīduṣa	1
Sūra	1
Maṇḍūkeya	1
Vistṛta	1
Māṣī	1
Saptaṛṣiś	1
Devayāna<sup>4</sup>	1
Yajanī	1
Śarmiṣṭhās	1
Gandharvās	1
Ādhyas	1
Piśācās	1
Antās	1
Upāsangadhara	1
Tāmralipta	1
Samataṭa	1
Campa-	1
Brahmiṣṭha<sup>2</sup>	1
Karambhia	1
Devakṣaetra	1
Bṛhaduktha<sup>2</sup>	1
Devaśrava	1
Devavrātapuram	1
Citraketu<sup>4</sup>	1
Syamantapañcaka<sup>7</sup>	1
Brahmavādin<sup>8</sup>	1
Asitas<sup>9</sup>	1
Vasava<sup>2</sup>	1
Ekaparṇā<sup>1</sup>	1
Śāṇḍilyas<sup>2</sup>	1
Śiśirā-	1
vatī-	1
Vaccāla	1
śrāddhā	1
Devaṛṣis	1
carakādhvaryu	1
Jāhnavī<sup>2</sup>	1
Devarātas	1
Preta-piśācas	1
Vidhyādharas	1
Kapila<sup>1</sup>	1
Viśvāvasu	1
Sālagrāma	1
Caitraratha<sup>8</sup>	1
Saviturvana	1
Akrodhana	1
Kṣemadhanva	1
Ahīnagu-	1
Ahīnaka-	1
Kṣatrapraṇetāra	1
Catur-	1
Kṛta<sup>1</sup>	1
tīpa	1
Santanus	1
ṇyakaśipus	1
Parṇāśā	1
Savaṛṇā	1
Devagṛhas	1
Amṛta	1
Māli	1
Vṛṣa<sup>1</sup>	1
Vīranagara<sup>2</sup>	1
Nandinī	1
Lalitā-pīṭham	1
Siddhikṣetra	1
Rāṣṭras	1
Deśa	1
Śarvarī	1
Śim-	1
śumāra	1
Pradoṣa	1
Niśitha	1
Rājavan	1
Pāṇḍu-	1
Manomaya	1
Yamadvīpa	1
Vibh-	1
rājita<sup>2</sup>	1
Dṛḍhasena-	1
Sukar-	1
Asanga	1
Rukmin<sup>2</sup>	1
Venkaṭa<sup>1</sup>	1
ṇātyās<sup>1</sup>	1
Vasordhārā	1
Geyacakraratha<sup>2</sup>	1
Aṣṭa	1
Pṛṣata	1
Pāñcālas<sup>1</sup>	1
Pāṇḍavas<sup>4</sup>	1
padī<sup>5</sup>	1
Kuṇḍīna	1
Satu<sup>1</sup>	1
Aśvatthāma<sup>1</sup>	1
Dhṛṣṭad-	1
Rājasuya	1
Kurus<sup>6</sup>	1
Abhimatī	1
Kuśadvīpa-	1
viśalyakaraṇī	1
mṛtasanjīvini	1
Droṇi	1
Yajñasena-Draupada	1
Śrutānīka	1
Maya<sup>4</sup>	1
Arthavāda	1
Kṛttika	1
Vyasa	1
Śmṛti	1
Śākhas	1
Angas<sup>8</sup>	1
Kālayavana<sup>1</sup>	1
pārijātā<sup>9</sup>	1
Bhojakaṭa<sup>10</sup>	1
Citralekhā<sup>11</sup>	1
Pauṇ-	1
ḍraka<sup>12</sup>	1
Śamba	1
Rājasūya<sup>14</sup>	1
Syamantapañcaka<sup>17</sup>	1
ghoṣa<sup>19</sup>	1
Kṛṣṇa<sup>20</sup>	1
Vaikuṇṭha<sup>21</sup>	1
Prabhāsā<sup>22</sup>	1
Dhāma<sup>23</sup>	1
Tīrtham<sup>25</sup>	1
Vedas<sup>26</sup>	1
Dauvārikas	1
Andhakas<sup>1</sup>	1
Sudhāmṛta	1
Amāvāsya	1
Dvādaśīvrata	1
Brahmabandhu	1
Vapana	1
Svaraśakti	1
Candaśrī	1
Kuhu	1
Sinivāli	1
Śibikā	1
Śālmalī	1
Śāka	1
Yogātma	1
Parāśara<sup>1</sup>	1
Jātu-	1
Sūta<sup>5</sup>	1
Kaulīnas	1
Drumada	1
Tatvalam<sup>2</sup>	1
Atalam<sup>4</sup>	1
Śarat<sup>5</sup>	1
Kṛtamjaya<sup>2</sup>	1
Trayyāruṇi<sup>3</sup>	1
Viśravā	1
Nakhavān	1
gaḍā	1
Simśumāra<sup>1</sup>	1
Mahīdurga	1
Naradurga	1
Vārkṣadurga	1
Ambudurga	1
nālika	1
Dhanurmakha	1
Vaiṇyapṛthu	1
nāli	1
Ketuman<sup>1</sup>	1
Abja	1
Hutahavya	1
Hutahavyavāha	1
Kalyāṇi	1
Mandharā<sup>2</sup>	1
Sanātanadharma	1
Kali<sup>5</sup>	1
Vyavastha	1
Manus<sup>6</sup>	1
Dākṣāyaṇis	1
Kīrti<sup>1</sup>	1
Arundhatī<sup>2</sup>	1
Netra	1
Caturmūrti	1
Vasavas	1
Bhānus	1
Muhūrtas	1
sanātanadharma	1
Varṇāśrama	1
Iṣṭaprā-	1
Ācāryas<sup>1</sup>	1
pādas<sup>3</sup>	1
Śuśravas	1
Manoharā	1
māhatmya	1
Sil-	1
paśāstra	1
Śaivite	1
Lavanācala	1
Merus	1
Citraratha<sup>1</sup>	1
Pada	1
Pāda<sup>4</sup>	1
ṣetra<sup>1</sup>	1
Rāmacandra	1
Akrūra<sup>1</sup>	1
Śvaphalka<sup>2</sup>	1
Prājāpatyā	1
Raudrā	1
Vaiṣṇavī<sup>4</sup>	1
Purātana	1
Vaidhṛtā	1
Kṛtam-	1
Dhātuki-	1
Dhātakikhaṇḍa	1
Dhātaki	1
Savana<sup>2</sup>	1
Āyati-	1
Prāṇa-	1
Merudāna	1
Dhāraṇā	1
Dhāraṇa	1
Agneyī	1
Svadhā<sup>1</sup>	1
Āyatī<sup>2</sup>	1
Havirdhana	1
Dhiṣṇīs	1
Sṭhānas	1
Nadīputras<sup>1</sup>	1
Dhiṣṇī<sup>2</sup>	1
Sudhanvān	1
Pītrāyudha	1
Uttangas	1
Bṛha-	1
daśvas	1
Jayada	1
Pratiratha	1
Turuṣka	1
Dhūmrakeśa	1
Ketus	1
Duṣṭaśekhara	1
Ulū-	1
Ajamiḍha<sup>1</sup>	1
dhūrva	1
Ḷ-kāra	1
Sṛṅjaya	1
Samyama	1
Satyadhṛta	1
Durmanas	1
Ranadhṛṣṭa	1
Vipṛṣṭha	1
Vāsuki<sup>3</sup>	1
Gandhrava	1
Iṣa<sup>1</sup>	1
Phālguṇa<sup>2</sup>	1
dhārī	1
Garutman	1
vākas	1
Satyakarmā	1
laśva	1
Niyama<sup>1</sup>	1
Dhṛtimatvarṣa	1
Ārdraka	1
Mahatī	1
Dhṛti<sup>2</sup>	1
Kīrtiman	1
Pāñcāla-	1
Dhṛṣṭi-	1
Dhārṣṭa	1
Dhṛtaketu	1
Raṇadhṛṣṭa<sup>2</sup>	1
Nirvrti	1
Kaikayas	1
Santardana	1
Pancālakas<sup>1</sup>	1
Droṇa<sup>2</sup>	1
Bāhyatha	1
Golokam	1
Kīrtiman<sup>1</sup>	1
Dhṛtiman<sup>2</sup>	1
Mṛtā	1
Parameṣṭhin	1
sūya<sup>1</sup>	1
Hastināpura<sup>3</sup>	1
Śankhana	1
Uttāna	1
Bhūmī	1
Siśumāra<sup>5</sup>	1
Saptaṛṣis<sup>6</sup>	1
prakālana<sup>3</sup>	1
Dhruvam	1
Uttiramandira	1
Vṛṣadakṣa	1
Surabhi<sup>3</sup>	1
Kroṣtu	1
Śankhoddhāra	1
Kareṇumatī<sup>1</sup>	1
padīs	1
Aśvathāma<sup>3</sup>	1
Nakuleśvarī	1
Sarpinī	1
Karankas	1
Lord<sup>2</sup>	1
Atharva-	1
samhitā<sup>1</sup>	1
Dākṣāyaṇī<sup>1</sup>	1
Soma<sup>5</sup>	1
Candrāmśu	1
Yamarāja	1
Dharmaraja	1
kheṭa	1
pāṇam	1
Nagna<sup>3</sup>	1
Māyāmoha	1
Nagna<sup>5</sup>	1
Nagnas	1
Cakṣusa	1
Virajas<sup>1</sup>	1
Vairāja-	1
Droṇa<sup>1</sup>	1
āsura	1
Brahmah-	1
Mathurā<sup>12</sup>	1
Pūrvāṣāḍha<sup>2</sup>	1
Uragapati	1
Mauryas<sup>1</sup>	1
Rantī	1
Rantipāla	1
Tantipāla-	1
Sunandi	1
Pārijāta<sup>1</sup>	1
Satyabhāmā<sup>2</sup>	1
Devī-	1
kātaṭa	1
Mother-goddess	1
Upapurāṇa	1
Bhūtanandi	1
Madhunandi-	1
Pradyotanas	1
Ajaka-	1
Sūryaka	1
Śaisu-	1
Guhyaka	1
Śaisanābha	1
sūla<sup>3</sup>	1
Daksas	1
Svargamārga	1
Prasāda<sup>6</sup>	1
Saubhāgyaśayanam	1
Benares<sup>9</sup>	1
Prathakvānya<sup>1</sup>	1
Nabhā-	1
jarā	1
Trayo-	1
Kṛṣṇāṣtami	1
Saubhā-	1
Aparājita	1
Ādiśeṣa	1
Badarī<sup>2</sup>	1
Virāt	1
Naiṛti	1
Prāgjyotiṣa<sup>1</sup>	1
Prāgjyotiṣa<sup>2</sup>	1
Baladeva<sup>4</sup>	1
Śeṣaloka	1
Śītastapa	1
Kālasūtu	1
Apratiṣṭha	1
Avīcī	1
Lohapṛṣṭha	1
Avidhya<sup>2</sup>	1
Earth<sup>1</sup>	1
Earth<sup>2</sup>	1
Kuṇḍala	1
Arjuṇa<sup>2</sup>	1
Nābhī<sup>3</sup>	1
Nārada<sup>5</sup>	1
Badar-	1
yāśrama<sup>7</sup>	1
Suyagña	1
Ban-	1
dhumān	1
Kālanemi<sup>1</sup>	1
Suca	1
vīrya<sup>2</sup>	1
Amrakaṇṭaka	1
Karaṇi	1
Jvāleśvara	1
Yamunā<sup>6</sup>	1
Mantreśvara	1
Garjanā	1
Amrātaka	1
Karanyā	1
Kuṇḍeś-	1
Rāvaṇeśvara	1
Ahalyātīrtha	1
Kankhala	1
Kanyātīrtha	1
Pitāmahatīrtha	1
Svargadvāra-	1
Namadā	1
Arhats<sup>10</sup>	1
Marubhūmīviṣaya	1
Mānasakanyā	1
Śukālā	1
Uraga	1
Āpūraṇa<sup>2</sup>	1
Amba-	1
rīṣa	1
Vanara	1
Kanakabindu	1
Nalas	1
Ṛtuparṇa<sup>2</sup>	1
Aśvavidyā	1
Nandanodaradundubhi	1
Puṣkaraṇi	1
Tomara	1
Hamsa-	1
Karṇaprāvaraṇa	1
Aśvamukha	1
Śikatā-	1
Nāgamaṇḍala	1
Navā	1
Ayutahoma	1
Śkanda	1
Aindri	1
Dṛdharatha-	1
Jāmā	1
Jāradgavī	1
Ājyapapitrs	1
Āyāti	1
ajāgara	1
Aurvaśaya	1
Sakunī<sup>1</sup>	1
Mūrchana	1
Pātalam	1
Karko-	1
Umā<sup>7</sup>	1
Kaṇḍu<sup>1</sup>	1
Padmāvatī-	1
Sāketa	1
Dvirada	1
Vāraṇa	1
Danti	1
Gaja	1
Dvīpa	1
Sāmaja	1
dignāgas	1
Kalpalatā	1
Nāgaloka<sup>3</sup>	1
Ekamūla	1
Karūṣas	1
Yāmyā	1
Ārdrā	1
Mṛgaśiras<sup>1</sup>	1
yāna<sup>2</sup>	1
Svāti<sup>3</sup>	1
Yāmī	1
Jāmi-	1
Jāmya	1
Kauśāmbi	1
Gajasāhvayam	1
Gajendramokṣa	1
Gargeśva-	1
mahāsiddha	1
nāṭya	1
Vararuci	1
śaktīs	1
Sindhu-	1
Nābhā-	1
noriṣṭha	1
Diṣta	1
Bhalan-	1
Balamdhana-	1
Bhalandana<sup>2</sup>	1
Kriyayoga	1
Upabarhaṇa	1
dāsi<sup>1</sup>	1
Haryaśvās	1
Īśvara-Brahman	1
Śabalāśvās	1
Nalakūbera	1
Nara-Nārāyaṇas	1
Manu<sup>7</sup>	1
Brhmasabha<sup>8</sup>	1
Kardama<sup>11</sup>	1
Hari<sup>14</sup>	1
Devakī<sup>16</sup>	1
Dvārakā<sup>18</sup>	1
Brahmaṇyadeva	1
Dantavaktra<sup>21</sup>	1
mantapañcaka<sup>25</sup>	1
Nārāyaṇāśrama	1
Śvetadvīpa	1
Brahmasatra	1
Gods<sup>26</sup>	1
Ṛṣabha<sup>27</sup>	1
Gṛhastha<sup>28</sup>	1
Rāmāyaṇa	1
Vālmīki<sup>30</sup>	1
Nakṣatrapuruṣa	1
Māheśvaravratam	1
Nandikeśa	1
Prayāgā<sup>31</sup>	1
Śiva<sup>32</sup>	1
Arundatī	1
Sāvitrīs	1
Arun-	1
dhatī	1
Vāditraka	1
Bṛhadkalpa	1
Mahāpuruṣa	1
Aditīs	1
śrāddhas<sup>16</sup>	1
Brahmā<sup>17</sup>	1
Bhūmimitra	1
Suśarman<sup>2</sup>	1
Supārśva<sup>2</sup>	1
māṣas	1
Jalaprastha	1
Puranjana	1
Sahā-	1
Cyavana<sup>2</sup>	1
Bhadrakas	1
Barhaṇāśva<sup>1</sup>	1
Samhatāśva-	1
Amitāśva-	1
Rāma-Rāvaṇa	1
Brahmarākṣasa	1
Sphūrja	1
Divodāsas	1
Niṣkṛti-	1
Nadi	1
Krauñjapada	1
Animitra-	1
Saktisena-	1
Śak-	1
Anarṇya	1
Nitundakas-	1
Akṣaradevīs	1
Nityaklinnāpurī	1
Śrāddham	1
Vaiśravanālaya	1
Mahapadma	1
Kacchapa	1
Tātaṇka<sup>1</sup>	1
Kaṇṭhasūtra	1
Keyura	1
Nūpura<sup>2</sup>	1
Ayavana	1
Cyavana-	1
Kuṇḍapāyins	1
Vaideha<sup>1</sup>	1
Janārdana<sup>2</sup>	1
Janārdana<sup>4</sup>	1
Dikpālakas	1
Mudgara<sup>5</sup>	1
Kāṣṭḥa<sup>2</sup>	1
Bhajamanā	1
Bhāhyaka	1
Dhāta-	1
Kaivalyam	1
Sunakṣtra	1
Sunetra-	1
Daṇdapāṇi	1
Apratipi	1
Reṇumatī	1
Yogaiśvara	1
Divyam	1
āloka<sup>2</sup>	1
Jatukarṇya	1
Ratḥitara<sup>1</sup>	1
Rathitara<sup>5</sup>	1
Adharma<sup>1</sup>	1
Brahmana<sup>3</sup>	1
South-west	1
Manusāvarṇi	1
Nirjatara	1
Niryantara-	1
Vājaśravas<sup>1</sup>	1
Gautama<sup>2</sup>	1
Adhisāmakṛṣṇa	1
mokṣa<sup>1</sup>	1
Nirvāṇa<sup>3</sup>	1
Śatānīka<sup>4</sup>	1
Nirvāṇa<sup>5</sup>	1
Dhṛṣṭāi	1
Samhlāda	1
Rākṣasas<sup>1</sup>	1
Hiraṇyapura<sup>3</sup>	1
Tithi	1
Parvasandhi	1
Puṣparṇā<sup>1</sup>	1
Prabhāsa<sup>3</sup>	1
Gaveṣṭhi<sup>1</sup>	1
kāli	1
Atithi	1
Nala<sup>2</sup>	1
varṣaparvata<sup>1</sup>	1
Vidūrapatis	1
Naiṣadas	1
Dhīvara	1
Pāda	1
Vīranagara	1
Nīpās	1
Aṇuhasatyaka	1
Ugrāyudha-	1
Ramyaka<sup>1</sup>	1
varṣaparvatas	1
Ugrāyudha<sup>1</sup>	1
Ajamidha	1
Nīlinī	1
Śanti-	1
Kālañjara	1
Jambukākṣa	1
Mahādeva<sup>1</sup>	1
Nīlamauleya	1
Anjanā	1
Kṣudra	1
Naila	1
Duṣyanta<sup>2</sup>	1
Nṛgā	1
Bhṛśā	1
Sukhibala	1
Medhāvin	1
Suvīra-	1
Hamsakīla	1
Nṛhari	1
Narahari	1
Narasimham	1
Kimpuru-	1
ṣas	1
Vaitālikas	1
mātṛgaṇa<sup>7</sup>	1
mātṛgaṇas	1
Āpādabaddha	1
Āsīmakṛṣṇa	1
Kubja	1
Ālambeyas	1
Brāhmakalpa	1
Dvārakā<sup>4</sup>	1
Lingadhāriṇī	1
Kṛtayuga<sup>2</sup>	1
Haricakra	1
Dharmacakra-	1
Pipplāda	1
Vīrūpākṣa	1
Alakādhipa	1
Nirṛti<sup>1</sup>	1
Nala<sup>1</sup>	1
Uśīra	1
Mahīmayī	1
Vidyas	1
Śāstra	1
vaiḍūrya	1
puṣparāga	1
tālaka	1
śilāvajra	1
kañji	1
kāśi	1
mākṣikam	1
śyāmaka	1
sarṣapa	1
vrīhirice	1
añjanam	1
uśīram	1
vaiṣṇavī	1
sahadevī	1
ārakūṭaka	1
puṣpam	1
Lokhapālas	1
Pāṇḍuśilā	1
Kāpāḷikas	1
Kārukas	1
āśrama<sup>2</sup>	1
Viśvasphāṇi	1
Kandarpa	1
Maka-	1
Manobhava	1
Kastūri	1
Karmasannyāsa	1
Brāhmaṇya	1
Laya	1
Kṛtī	1
Asikni	1
Sāndipana	1
Sāndīpanī	1
Prāg-	1
jyotiṣa<sup>2</sup>	1
sādhāraṇa	1
Āṣāda	1
śloka	1
Caturmukha	1
Ātapa	1
Vamśa	1
Vamśānucarita	1
Kauśiki	1
Pāṇḍuviśala	1
Saptavindhyas	1
Brahmaṛṣi<sup>1</sup>	1
Dakṣasāvarṇī	1
Agniśarman	1
Dakṣināgni	1
Āhavanīya	1
Sabhya	1
Āvasathya<sup>3</sup>	1
Kāvyas<sup>3</sup>	1
Hasti-	1
nāpura<sup>1</sup>	1
Bheda<sup>3</sup>	1
God-	1
Uṣas	1
Śātakarni	1
Ariṣṭa-	1
Śrutaśravā	1
Māhiṣī	1
Ūrdhva	1
puṇḍra	1
Tripuṇḍra	1
Agastyapatrākāra	1
Kāḷi	1
Paṇi	1
Galava	1
Pāṇḍukula	1
Mānasa<sup>2</sup>	1
Vālakhilyas<sup>1</sup>	1
God<sup>2</sup>	1
Hāla	1
Jājali	1
Jābāli-	1
Kumulādi	1
Ayāsya	1
Uśiti	1
Dhṛṣṇi	1
Ailavila<sup>2</sup>	1
Śrivṛkṣaka	1
purāris	1
Viśvavasu	1
Bhaṅgakāra	1
Rumā<sup>1</sup>	1
Lankā<sup>2</sup>	1
Rathī-	1
Gavya	1
Payodam	1
Śraddhā<sup>2</sup>	1
Pingaleśvarī	1
Parārdha	1
Aparārdha<sup>1</sup>	1
Kampili	1
Taittirīyas	1
Puruṣas	1
Parāṛdha<sup>1</sup>	1
Parār-	1
Pramāṇas	1
sannyāsa	1
Pratiha	1
Paraśvadha	1
pañcaka<sup>1</sup>	1
Rama<sup>2</sup>	1
Nārāyana	1
Bhargava<sup>6</sup>	1
Arjuna<sup>7</sup>	1
Aṅkuśa	1
Ikṣukodaṇḍa	1
Kāñci	1
Suddhaparā	1
Aparārdhakalpa	1
Parārdhams	1
Parārdha<sup>2</sup>	1
Adṛśyantī	1
Kālyā	1
Yājñavalkya<sup>3</sup>	1
Vāsiṣṭha<sup>4</sup>	1
Śrutaṛṣi<sup>5</sup>	1
vyāsa<sup>6</sup>	1
Jātu	1
karṇi<sup>7</sup>	1
Tripura<sup>8</sup>	1
Yudhiṣṭhira<sup>9</sup>	1
Rākṣasas<sup>12</sup>	1
sāstras	1
Lord<sup>14</sup>	1
Mantra-brāhmaṇa-kāraka	1
Tejas	1
Paricchinnas	1
Aparicchinnas	1
Parārohas	1
Parārdhas	1
Vatsara<sup>2</sup>	1
Diggajas	1
Druva<sup>2</sup>	1
aiṇeya	1
śambūka	1
Viṣṇurata	1
sārvabhauma	1
Bhāgavatas<sup>3</sup>	1
Gangā<sup>3</sup>	1
Samhūti<sup>1</sup>	1
Mānu	1
Hiraṇyaroma<sup>2</sup>	1
Devavṛddha<sup>2</sup>	1
Puñjikasthalā	1
Plakṣa<sup>2</sup>	1
Pralayāgni	1
acalās	1
Parvatas	1
śila	1
Parvaśā	1
Parvaśa<sup>1</sup>	1
Sukla	1
agniādhāna<sup>2</sup>	1
Hālāhala	1
Vāyu<sup>1</sup>	1
Indraś	1
Ankuśa	1
Dvādaśārkas	1
Vālukeśvara	1
Kuṇḍas	1
Vāyuputra	1
kāgni	1
Jayinī	1
Śarvarohaharacakra	1
āraṇya	1
himsā<sup>2</sup>	1
śarabha	1
Vidhāna	1
Pumsavana	1
śūdras<sup>2</sup>	1
Ārya	1
Bḥṛgu	1
Vṛddhaśrāvaka	1
Nirgrantha	1
Ājivaka	1
Kārpaṭa	1
Drupada<sup>1</sup>	1
Gomanta<sup>2</sup>	1
Śuka<sup>1</sup>	1
Ugrāyudha<sup>2</sup>	1
Pāncāla	1
Puṇḍravardhana	1
yānī	1
Umā<sup>2</sup>	1
Kāñci<sup>4</sup>	1
Draupadi<sup>2</sup>	1
Prthā	1
Āngīras	1
Piṇḍārakatata	1
Vīdyādharas<sup>2</sup>	1
Pañcavanam	1
Āndira	1
Pāṇḍya-	1
Pāṇḍyadeśa	1
Parameśvarī<sup>3</sup>	1
P<sup>4</sup>	1
Vṛkṣotsava	1
taḍāgavidhi	1
vṛkṣotsavam	1
mahākalpa	1
Niryāsam	1
Kalamjam	1
Kalingam	1
Gṛmyjanam	1
Chatrākam	1
kośātakī	1
Mallika	1
Umbaram	1
Kaya-	1
Vārtākam	1
puragrāmanga	1
kugrāma	1
Pṛthuṣeṇa	1
Trayārṣeyaṣ	1
Bāhu<sup>4</sup>	1
Mlecchas<sup>6</sup>	1
Parāvatās	1
Praceta	1
Viśvadeva	1
Samanja	1
Ajihma	1
Arimardana	1
Āyurdāna	1
Mahāmanā	1
Divyamāna	1
Yavīyam	1
Matā	1
Bhāṣkali	1
Satybhāmās	1
Śukhībala	1
Kulaparvata<sup>1</sup>	1
Rūru	1
Abhimanyu<sup>2</sup>	1
somayājins	1
vaiyākaraṇas	1
mīmāmsakas	1
cāris	1
aśvapālas	1
Lingins	1
Triśaṅkus	1
Ambā	1
Śatacandra<sup>6</sup>	1
Vṛkas	1
Śiva<sup>8</sup>	1
Bhṛgu<sup>9</sup>	1
Śakti<sup>11</sup>felt	1
Sahādeva	1
Māya	1
Viśanga	1
Uśana	1
Pṛadyota	1
Viśākha-	1
Sampāraka	1
palāśa	1
Svāhā<sup>1</sup>	1
Vasus<sup>3</sup>	1
Vaidyuta<sup>4</sup>	1
Havyavāhana<sup>2</sup>	1
Pārvatīkā	1
dvīpa<sup>1</sup>	1
Vaiśyas<sup>2</sup>	1
Devāśura	1
Nirgranthas	1
Kārpaṭas	1
Nagnas<sup>2</sup>	1
Kalki<sup>7</sup>	1
tīrthayātri<sup>9</sup>	1
Mārutesvara	1
Ūrmi-	1
māli	1
Payoṣṇī	1
Piṇḍam	1
santānam<sup>2</sup>	1
Piṇḍadānam	1
Pātheyam	1
Narmadā<sup>5</sup>	1
Dhṛti<sup>1</sup>	1
Pāṇḍukūpatīrtha<sup>3</sup>	1
Pañcagavya	1
Ayo	1
Bārhiṣada<sup>5</sup>	1
Pūrvadevatas	1
Ṛudras	1
svadhā<sup>1</sup>	1
Saumyas	1
Devakāryam	1
Maināka<sup>1</sup>	1
varṣāṇi=three	1
Indukṣaya	1
Vaiśvānarapatha<sup>1</sup>	1
Agnihotrins	1
Karmins	1
Manoharam	1
vāka	1
Sanniti	1
Dakṣiṇapāñcāla	1
Śrutadhara	1
śoṇitam	1
Pināki	1
Rṣabha	1
Vedādarśa	1
Meghas-	1
vāti	1
Aikāra	1
Rāvaṇa<sup>5</sup>	1
Ajīvas	1
Praṇālaka	1
Pīṭhikas	1
Śthaṇḍita	1
Vāpī	1
Yakṣī	1
Vedī	1
Maṇḍalā	1
Pūrṇacandrā	1
Vajrā	1
Padmā	1
Ardha-	1
śāsī	1
Trikoṇa<sup>1</sup>	1
Linga<sup>2</sup>	1
Gāand	1
Rudrāṇi	1
Rṣyavān	1
Pīvaram	1
Agniṣvātta-	1
Yogamātā	1
Śuka<sup>2</sup>	1
Vedaśiras<sup>1</sup>	1
ḍeyas<sup>2</sup>	1
mūrtidharas	1
Kīrti-	1
Rathanthara	1
Puṇḍarikākṣa	1
Payodā	1
Krauñcadvīpā	1
Śrīdevī<sup>1</sup>	1
Bāleyakṣatra	1
Tvaritā	1
Himālaya	1
Devarakṣita<sup>2</sup>	1
Pāṭalā	1
Puṇyavān	1
Puṇya-	1
jaṇī	1
Maṇibhadrā<sup>1</sup>	1
Kuśaṣṭhalī	1
Brāhmaṇavācanam	1
Purīkaṣeṇa	1
Ākūtis	1
Putrikā<sup>1</sup>	1
Āpas-	1
Lakṣmīnārāyaṇa	1
Ahūtis	1
Kārtikai	1
Vibhrājita	1
Grāmaka	1
Caṇḍavega	1
Hamsas	1
Karma<sup>2</sup>	1
Indravāha	1
Pārṣṇigrāha	1
Sanjaya-	1
Ramacandra	1
lakṣanas	1
Karmayoga<sup>1</sup>	1
Āndhrapulomā	1
Viśvātmā	1
Nārāyaṇa<sup>2</sup>	1
Pādma	1
Gāruda	1
Skānda	1
Nāradīya	1
Brahmavaivartha	1
Mārkan-	1
Mātsya	1
Brahmānḍa	1
Śrutigīta<sup>5</sup>	1
Purāṇas<sup>6</sup>	1
pādas<sup>7</sup>	1
Sūta<sup>8</sup>	1
Purāṇakathas	1
Matsyajanārdana	1
vamśyānu-	1
Śarasvatī	1
saṅkīrṇa<sup>11</sup>	1
Purāṇas<sup>13</sup>	1
Avatāra	1
Brahmā<sup>14</sup>	1
srāddha<sup>16</sup>	1
ṇajña	1
Purāṇavid	1
Matsyapurāṇa	1
Kāma<sup>1</sup>	1
Aṅgiras<sup>2</sup>	1
Kulakarmas-<sup>3</sup>	1
Purāṇa<sup>4</sup>	1
Kiṣku	1
Mandulaka	1
Gomatiputra	1
Krīyā	1
Cāksuṣa	1
Pauravas	1
Nagas	1
Kṣetropeta-	1
Sādasyus<sup>3</sup>	1
Sārasvata<sup>4</sup>	1
Purajit	1
Puruvaśa-	1
Bhadrāvatī	1
Purūdvaha<sup>1</sup>	1
Bhadrasenī	1
Hṛdākāśa<sup>3</sup>	1
Puruṣa<sup>6</sup>	1
Prakṛti<sup>7</sup>	1
Puruṣa<sup>8</sup>	1
Varāha<sup>9</sup>	1
Suparṇa<sup>11</sup>	1
Rāma<sup>13</sup>	1
Akrūra<sup>14</sup>	1
Sānkhyas<sup>15</sup>	1
Sampadīśa	1
Añjanāvatī	1
Bhadrakāli	1
Rakṣogaṇabho-	1
Brahmapāra	1
Bhadravatī	1
yāgā	1
Agnisṭhālī	1
sthālī	1
Jātavedas	1
mantravādin	1
Kali<sup>7</sup>	1
Dvīpas	1
Keśī	1
Dvijagrāma	1
Madradeśa	1
Manvantara<sup>10</sup>	1
Atri<sup>11</sup>	1
Himālayas<sup>12</sup>	1
Purohita<sup>1</sup>	1
Khāṇḍikyas	1
Purodās	1
Lalitāpītham	1
Rukminīs	1
Havir-	1
Dhrāgni	1
Pulahas<sup>3</sup>	1
Maitreya<sup>4</sup>	1
Being<sup>5</sup>	1
Rāvaṇa<sup>9</sup>	1
Tripuram<sup>11</sup>	1
Udāna<sup>1</sup>	1
Bhūti<sup>6</sup>	1
Mādhava<sup>1</sup>	1
Being<sup>3</sup>	1
akṣasūtra	1
Sambhūti<sup>7</sup>	1
Kṣamā<sup>5</sup>	1
Pīvarī<sup>6</sup>	1
Dakṣiṇapatha	1
Visvaphāṇi<sup>3</sup>	1
Viśvasphaṭika<sup>4</sup>	1
Udanka	1
Ghoṣa-	1
Palelaka	1
Puruhūta	1
Rasātalam<sup>3</sup>	1
Śacī<sup>4</sup>	1
Gautamīputra	1
Candraśri	1
Pulomi	1
Pulkasa<sup>2</sup>	1
Puṣkarāvatī	1
Krauñcad-	1
Rathantara-	1
Citrasānu	1
Dhātuki	1
Tretā-	1
Adhisāmakṛṣṇas	1
Aśvamedha<sup>4</sup>	1
Puspavāhanas	1
Viśvaśā	1
Sṛcandra	1
Paraśu	1
Smaya	1
Lābha-	1
Devadāru	1
Dhruva-	1
Ayodhyā<sup>1</sup>	1
Mahābhadra<sup>1</sup>	1
Bṛhatsāma	1
Gayā-śilā	1
Puṣpavahā	1
Puṣpamitra-	1
Jahu	1
Lāvaṇyavatī	1
Vaidiśa	1
Āngiras	1
Mahāpārśva	1
Mahāpāmśu-	1
bhīnasī	1
Airāvati	1
vīthi	1
Dhruvasandhi	1
Kali-yuga	1
Commander-in-chief	1
Agnimitra<sup>1</sup>	1
Naiṛrtas	1
lākṣa	1
Śiśika	1
jānapadas<sup>1</sup>	1
Mekhalas	1
Sambhṛtī	1
Sambhūtī-	1
ṣoḍaśa-patrābjā	1
Mallakarṇi	1
Śāntakarṇi-	1
Śatakarṇi	1
Sāmśapāyana	1
Sāmikā	1
gotrakāra<sup>2</sup>	1
Māgha<sup>1</sup>	1
Him<sup>2</sup>	1
Daṇḍins<sup>3</sup>	1
Pūṣṇa	1
Canḍīśa	1
Vīrabha-	1
Pūṣā	1
Pāṇḍu<sup>1</sup>	1
Paryāsa	1
Lokapadma	1
Pane-	1
Bandin	1
Somarāja	1
Pṛthvi<sup>9</sup>	1
Arthaśāstra	1
Visva-	1
Viśvagandhi	1
Viṣṭarāśva-	1
Prabhāsa<sup>2</sup>	1
Anīnas	1
Pṛṣa-	1
daśva	1
Supratika	1
Suyodhana	1
Antardhi	1
Vādi	1
Sukṛti	1
Ājiṣṭa	1
Śākyana	1
Vānapṛṣṭa	1
Śānkara	1
Satyadhriṣṇu	1
Saśabindu	1
Varatrina	1
Varūtrina	1
Rukmeṣu<sup>1</sup>	1
Jyāmagha<sup>2</sup>	1
Campa<sup>2</sup>	1
Pāra<sup>2</sup>	1
Pṛthuyaśas	1
Pṛthudharma	1
Pṛthumjaya	1
Pṛthukīrti	1
Pṛthumdātā	1
Vṛṣasena	1
Pitṛṣ<sup>1</sup>	1
Svāyambhuvamanvantara	1
Agnidhara	1
Devabhuja	1
Bālabandhu	1
Cariṣṇava	1
Mādhris	1
Śvāyambhuva	1
Śāvitrī	1
Vyāhṛtī	1
Pṛśnigarbha	1
Āndhra<sup>1</sup>	1
Śūdra<sup>2</sup>	1
Bahvṛca	1
Bāṣkala<sup>2</sup>	1
Śrutaṛṣi<sup>4</sup>	1
Bāṣkala<sup>5</sup>	1
Daṇḍanāyikā	1
Caṇḍoś-	1
caṇḍa	1
Potriṇī	1
Pauṇḍra	1
Sudakṣiṇā<sup>3</sup>	1
Putrikāputri	1
Dakṣinātya	1
Pṛthudarbha	1
Mantrakṛṭ	1
Lohagandhi	1
Mallaranga<sup>2</sup>	1
Paurajanas<sup>3</sup>	1
Bāhlika<sup>2</sup>	1
Purāṇa-	1
Hariścandra<sup>2</sup>	1
Vamśavittama<sup>3</sup>	1
Gādhi<sup>1</sup>	1
Ṛcika	1
Satyavatī<sup>2</sup>	1
Utthānam	1
Puruṣārtha	1
Vikṛta	1
Vṛṣaparvana	1
Śrīśāntakarṇa	1
Paurṇamāsī	1
Pāraṇa	1
pakṣas<sup>2</sup>	1
Sujamghī<sup>2</sup>	1
Tapośayāna<sup>2</sup>	1
Tatvadarśi<sup>3</sup>	1
Amṛta-	1
Viśvedevās<sup>1</sup>	1
Viprās<sup>2</sup>	1
Pṛcetāscyavana	1
Rākṣasa<sup>3</sup>	1
Prādurbhāva	1
Pauṣpinji-	1
Langākṣi	1
Srutaṛṣi	1
Sāmagas<sup>2</sup>	1
Udicya	1
Iśvara<sup>5</sup>	1
Dyumatsena<sup>2</sup>	1
rūpas	1
Pratyāhara<sup>1</sup>	1
Pravṛtti	1
Prakriyāpāda	1
Kṛtayugam<sup>3</sup>	1
Chāgalāṇḍa	1
Śatadharma<sup>2</sup>	1
Śanti	1
Viduṣa	1
Vārkṣi	1
Jajali	1
Vairājaka	1
Snigdhasvara	1
Prajeśvaras	1
Suśrāva	1
Bahuputra	1
Bahula	1
Pratiṣ-	1
ṭhāna	1
Vāsukihṛadā	1
Dārāgṇihotrins	1
Vāraṇāsi	1
Pratardhana	1
Paramampadam	1
Omkāram	1
Akṣaram	1
Praṇavātmaka	1
Bhūha	1
Bhadraśreṇīya	1
Kuvalāyaśva	1
Vatsa<sup>2</sup>	1
Kṣatravrddha	1
Sucāru	1
Kāvyam	1
Śilpam	1
Navatāla	1
Speciali-	1
Śivanārāyaṇa<sup>5</sup>	1
Kārttikeya<sup>6</sup>	1
Kātyāyanī<sup>7</sup>	1
Vatsavṛddha	1
Pratisandhi	1
Manvantaras<sup>2</sup>	1
Yāmadevas	1
ṇava<sup>1</sup>	1
Pratihāra	1
Oghavan	1
Oghavatī<sup>1</sup>	1
Bhānuratha<sup>1</sup>	1
Supra-	1
tīka<sup>2</sup>	1
Varcalā-	1
Dakṣinī	1
Pratyagraha-	1
Soḍaśapatrābjā	1
Smara<sup>1</sup>	1
Rukmāvatī	1
Aniruddha<sup>3</sup>	1
Bhojakaṭa<sup>4</sup>	1
Guha<sup>7</sup>	1
Dyumat<sup>9</sup>	1
Brahmana<sup>12</sup>	1
Kṛṣṇa<sup>13</sup>	1
Bhānumān	1
Praṇatasāmanta	1
Sadasadātmakam	1
Kālātma	1
Deva-gandharvas	1
Prāta	1
Sāyam	1
Vivasvat<sup>1</sup>	1
Prabhātā	1
Sūryabimba<sup>2</sup>	1
Devis<sup>3</sup>	1
Madrā	1
Daṇḍi	1
Pingala	1
Kuśadvīpam	1
Varastrī	1
Bāl	1
Khān	1
Sāvitra]	1
Saravatī<sup>1</sup>	1
rakā<sup>2</sup>	1
yakṣma	1
Brahmanas<sup>7</sup>	1
Puṣkarāvati<sup>9</sup>	1
Veda<sup>10</sup>	1
Īśa	1
Kha-	1
nītra	1
Nṛdeva	1
Jātukarṇa<sup>2</sup>	1
Tripurāri<sup>6</sup>	1
mathanātha	1
Mahābhairava	1
Añjanāvati	1
Pramati-	1
Dṛḍhāśva	1
Nabho-Nābha	1
Aug-	1
Sept-Oct	1
Kurus<sup>5</sup>	1
Veda<sup>6</sup>	1
Māhātmyam	1
Siddhas<sup>1</sup>	1
Akṣayavaṭa	1
Hamsaprapatana	1
Ūrvaśīramaṇa	1
Koṭī	1
Ṛṇamocana	1
Veṇī	1
Indrakṣetra	1
Prayāgā<sup>6</sup>	1
Assura	1
Manvantaras<sup>1</sup>	1
Maruts<sup>1</sup>	1
Brahmaja	1
Muṇḍīśa	1
Prācīnavat	1
Kāncanaka	1
Trasyu	1
Prasuśruta-	1
Hṛī	1
Maitrī	1
Śyenabhadra	1
Paśya	1
Pathyanetra	1
Suveta	1
Dhyuti	1
Supracetas	1
Dignāgas	1
Nimna-	1
Sakrājit-	1
Viśvasāhvan	1
Haimavatī	1
Kṛśāśva-	1
Rāhula	1
Niyutsā	1
Mitra<sup>1</sup>	1
Mālyavan	1
Puloma<sup>5</sup>	1
Prahrāda	1
dānavī<sup>1</sup>	1
Dānavas<sup>2a</sup>	1
Mahātma<sup>3</sup>	1
Trivarga<sup>4</sup>	1
Viṣṇu<sup>7</sup>	1
Āyuṣmān	1
Virocana<sup>8</sup>	1
Bali<sup>11</sup>	1
Asuras<sup>15</sup>	1
Viṣṇu<sup>16</sup>	1
Bali<sup>17</sup>	1
Śukra<sup>18</sup>	1
Lord<sup>21</sup>	1
Asuras<sup>22</sup>	1
Vitalam<sup>23</sup>	1
Narasimha<sup>27</sup>	1
Dānavas<sup>28</sup>	1
yogaiśvarya<sup>2</sup>	1
Paśās	1
Prācī	1
dhīya-	1
Drumakṣaya	1
Rājaṛsi<sup>3</sup>	1
Sāmudri	1
Śākhā	1
Daivata	1
Vidhātri	1
Dhara<sup>1</sup>	1
Tuṣita<sup>3</sup>	1
Ajitadeva<sup>4</sup>	1
Vāyus	1
sādhana	1
vāyu	1
doṣas	1
Saptāngas	1
Sep-Oct	1
Brahmavādini	1
Sān-	1
Prajāni	1
Sukarmā	1
hiṣmatī	1
Manvantaras	1
Kukṣī	1
Kāmyā<sup>2</sup>	1
Ādyā	1
Bhāguri	1
Anangavati	1
Pulastya<sup>1</sup>	1
Dattoli	1
mahālaya	1
Pretakuṇḍa<sup>1</sup>	1
Acchodā-	1
Gandhī	1
Aṣṭakā<sup>1</sup>	1
Prauṣṭhapada<sup>2</sup>	1
Idhmajihva	1
tretāyuga	1
Śantahaya	1
Sukhadeya	1
Gomeda	1
Nāgakanyas	1
Tāla-	1
March-	1
Phalguṇa	1
Bhārgava-gotrakāras<sup>2</sup>	1
Āḍi<sup>1</sup>	1
Viśvasphatika	1
Badrikā	1
Badariyāśrama	1
Badari<sup>1</sup>	1
Bādarāyaṇa	1
Bandhyaśva	1
Mud-	1
Indrasenā	1
Rohītā	1
Kuśāla	1
Kunāla-	1
Mau-	1
Narā<sup>1</sup>	1
Śaunaka<sup>1</sup>	1
Kauśikagotra<sup>2</sup>	1
Ripu-	1
Śaunaka-	1
Devavṛdha	1
putrikāputra	1
Sagaras<sup>1</sup>	1
Varhanāśva-	1
Viṣṇu-Māyāmoha	1
Samu-	1
hiṣad	1
Prāce-	1
Siddhaloka	1
Somapadā	1
Dhāraṇī	1
Svairiṇī	1
Kāminī	1
Pumścalyā	1
Hāṭakarasa	1
Tejas<sup>2</sup>	1
Viśā-	1
khayūpa	1
prītī	1
Sīrāyudha	1
cūḍa	1
Cūḍāmaṇi	1
Śankhacūḍa<sup>3</sup>	1
Gods<sup>5</sup>	1
Hastinagara	1
Romahar-	1
Romaharṣaṇas	1
Vaijayantī	1
Gaṇḍakī	1
Vīpāśā	1
Śoṇa	1
Pampā	1
godāvarī	1
Veṇā	1
Bhīmarathī	1
Veṅkaṭa	1
Śrīraṅga	1
Puṣans	1
Nisita	1
Uḷmuka<sup>11</sup>	1
Satadhanus	1
Syamantaka<sup>12</sup>	1
Yama<sup>13</sup>	1
Kṛṣṇa<sup>14</sup>	1
Rukmin<sup>15</sup>	1
Citralekhā<sup>16</sup>	1
Pārīyātra	1
Dattātreyas	1
Śālmalidvīpam<sup>1</sup>	1
Kīkasa	1
Samhāragupta	1
Tiraskaraṇikā	1
Baliviṅdhya	1
Sudeṣnā	1
kṣetraja	1
Suhma	1
lāda<sup>1</sup>	1
Aśanā	1
Kumbhanābha	1
Garda-	1
bhākṣa	1
Śakunī	1
Pūtanā<sup>1</sup>	1
Uccaiśravas	1
Asta-	1
Sañjīvini	1
mahābhiṣeka	1
Aśvamedhas	1
Brahmanas<sup>3</sup>	1
Vindhyāvalī	1
Aśanā<sup>8</sup>	1
Pātala<sup>9</sup>	1
Hiraṇyakaśipu<sup>11</sup>	1
Vedas<sup>12</sup>	1
Kumbhila	1
Vijayaśri	1
Amarapura	1
Palāśam	1
Buteśa	1
Balin-	1
Trayarṣeyas	1
Kalkala	1
Valkala-	1
Ilvala<sup>1</sup>	1
Anavarma-	1
Sañjāti	1
Ripuñjaya<sup>1</sup>	1
Lekhas	1
Pitṛdevas	1
Lohinī	1
Indradhanvan	1
Koṭarā	1
Aniruddha<sup>4</sup>	1
Acyuta	1
Subālaka	1
Maga-	1
Gargya	1
Surmyā	1
Agnimāḍhaka	1
Kālāyani	1
Agnimāṭhara	1
Satyasuja	1
Āpanāpa	1
Pravartaka<sup>2</sup>	1
Vṛka-	1
Palhavas	1
Sṛmjaya	1
Pratipa	1
Soma-	1
Bāhli	1
Kingdom<sup>2</sup>	1
Mathurā<sup>4</sup>	1
Duryodanas	1
Vasudeva<sup>10</sup>	1
Bāhlīka<sup>2</sup>	1
Kilikilā<sup>1</sup>	1
ṭhira<sup>2</sup>	1
Ekalas	1
Saraghā	1
Śatabindu-	1
Māmdhātā	1
Caitrarathi	1
Purukutśa	1
Balarāma<sup>4</sup>	1
Bhagīrathas	1
Bilvala	1
Bilvapatrikā	1
Samūla	1
Veghavān	1
[Tviṣi	1
Rajaputraka	1
Aila<sup>3</sup>	1
Tripura<sup>4</sup>	1
Kuja	1
Sudhyumna	1
Pururavas<sup>9</sup>	1
Ajana	1
Añjana-	1
Kīka-	1
ṭas<sup>1</sup>	1
Bautya	1
Artha<sup>1</sup>	1
Bodha-	1
Apramāda<sup>2</sup>	1
Karūśa	1
Bṛhaduktha-Śaineya	1
Hasti<sup>1</sup>	1
Bṛhatkarman	1
Ṛṣikas	1
Vāmana-Viṣṇu	1
Kūtī	1
Mantraśarīra<sup>1</sup>	1
Puṣpadanta	1
Samhitā<sup>1</sup>	1
Dhūmīnī	1
Śāvasta-	1
Śrā-	1
Kuvalāśvadhundhumāra-	1
Uttanga	1
Bhānuratha-<sup>1</sup>	1
Bṛhaduttha-	1
rāta	1
Vāmadevas	1
Bṛhadviṣṇu	1
Śukṛtta	1
Surakṣa-	1
Uruk-	1
ṣaya	1
Bhuva-	1
Viśrutavān	1
Bṛhadkṣaṇa	1
Viśvabhava	1
Dharmī	1
Satrayāṇa	1
Vitānā	1
Bṛhadkamā	1
Vīrahantas	1
Sambhava	1
Yaso-	1
Bṛhadkarma<sup>1</sup>	1
Apratīpi	1
Surakṣa	1
Bṛhatkarma	1
Samprayāta	1
Barhis	1
Sumitraja	1
Nandagopa	1
Bṛndāvanam	1
Bṛhadvasu	1
Bṛhadanu	1
Bṛhadbhānu-	1
Yaśodevī	1
Bṛhanta	1
Sunīpā	1
ciṣāntara	1
Cakṣuṣāntara	1
Mantra-Brāhmaṇa	1
gavān<sup>2</sup>	1
Yogasiddha	1
Bharadvāja<sup>3</sup>	1
Mamata	1
Rajos	1
Mantras<sup>10</sup>	1
Kāvya<sup>12</sup>	1
Tārakāmaya<sup>16</sup>	1
Angā-	1
Śani<sup>7</sup>	1
Ṛṣi<sup>1</sup>	1
Sānkhāyana<sup>2</sup>	1
Uddava<sup>3</sup>	1
Brahmaṛṣis<sup>2</sup>	1
Sāyujya	1
Brahmaloka<sup>6</sup>	1
Kara<sup>1</sup>	1
Parivratāśrama<sup>2</sup>	1
Vasurdhāma	1
Pārvaṇaśrāddha	1
Amohakam<sup>1</sup>	1
rāma<sup>2</sup>	1
Brahmatuṅgahṛda	1
Viṣvaksena<sup>1</sup>	1
Pitṛvarti	1
Viśvakṣena	1
Jātakas	1
Lec	1
Grāmikā	1
Karmasamjña	1
Sakarmaka-karman	1
Puṣkaradvīpa<sup>4</sup>	1
Prahetu	1
Vaibhrājavana	1
Devadarśa<sup>1</sup>	1
Ekārṣeya<sup>2</sup>	1
Visvāmitras	1
Brahmarākṣasis	1
Agastyesvaram	1
Devatīrtham	1
Ekārṣṭaka	1
Brahmaṛṣis<sup>9</sup>	1
Vaitā-	1
Pralaya<sup>12</sup>	1
Brahmavṛkṣa	1
Bṛgu	1
śarira	1
Vārunī	1
Kṛtyavidhi	1
Pratyangarasayoga	1
Brahmavaivartam	1
Rathantarakalpa	1
Kṛṣṇamāhātmya	1
Brahmavarāha	1
Kūrmaśilā	1
Piṇḍika	1
Devaṛṣis<sup>2</sup>	1
Upaśloka	1
Bhūriṣeṇa	1
Śrīmūrti	1
[Śānti	1
Romahaṛṣaṇa	1
Nakṣatrapuruṣam<sup>5</sup>	1
Śubhasap-	1
Sīva	1
Benares<sup>8</sup>	1
Narmadā<sup>9</sup>	1
Lokapitāmaha	1
Bhūrbhuva	1
Gopati	1
Parameṣṭhin<sup>5</sup>	1
Benares<sup>6</sup>	1
Meru<sup>7</sup>	1
dvīparārdha	1
Manu<sup>10</sup>	1
Tārā<sup>11</sup>	1
Prajāpatis<sup>12</sup>	1
Kailāsa<sup>13</sup>	1
Indra<sup>14</sup>	1
Māya<sup>16</sup>	1
Hamsa<sup>18</sup>	1
Hari-Ajita	1
Janaloka<sup>21</sup>	1
Tripura<sup>25</sup>	1
Tripurāri<sup>26</sup>	1
Aditi<sup>27</sup>	1
ṣasūkta	1
Bṛndāvan	1
Lord<sup>28</sup>	1
Yudhiṣṭhira<sup>30</sup>	1
Hari<sup>33</sup>	1
Rudra<sup>35</sup>	1
Brahmadana	1
Purāṇam	1
Vyatī-	1
pāta	1
Rājasūyas	1
Somapā-manes<sup>1</sup>	1
Bhaṇḍa<sup>3</sup>	1
Ananta-	1
śayana	1
Samkarṣaṇa	1
Īṣa	1
Ṛṣabha<sup>5</sup>	1
Dhārātīrtha	1
Śabda-	1
Yajñeśa	1
Śivasūlas<sup>12</sup>	1
Brahmā<sup>7</sup>	1
Māghada<sup>9</sup>	1
Puṇyāhavācanam	1
Vaisvadeva	1
Vaiśāka	1
Darśanas	1
kalpalatā	1
Brahmarandhra	1
śvapākas<sup>3</sup>	1
Śāstra<sup>4</sup>	1
Mahiman	1
Mitra<sup>2</sup>	1
Hemanta-	1
Kinṇaras	1
Bhaganetrahara	1
Bhaganetrān-	1
Akṣaradevis	1
Trivikramas	1
Sādhus	1
Suyagñā	1
Śakrajit-	1
Vratavatī	1
Dvāravatī-	1
Vratinī	1
Bhajina	1
Viduratha	1
Śṛñjayyā	1
Bāhya	1
Viṣṇu-	1
Paraśurāma<sup>5</sup>	1
Tāmasī-	1
pūtanā	1
Haryaṅga	1
Purūdvata	1
Purudvān-	1
Bhadrabāhu	1
Nāgnajitī	1
Mahismān	1
Dīvodāsa	1
Durdama<sup>1</sup>	1
Pratardana<sup>2</sup>	1
Vikūṭa	1
Mahiṣ-	1
Savitās	1
Vṛṣaparvatam	1
Vatsagiri	1
śaila	1
Kapiñjalam	1
Indranīlam	1
Mahānīlam	1
Hemaśṛṅ-	1
Sunaga	1
Puṣkaram	1
Dvirājam	1
Varā-	1
Mayūram	1
Jātudhi	1
Triśṛṅgam	1
Maryādaparva-	1
Vīrudham	1
Kekeya	1
Santar-	1
Udāradhī	1
Vājins	1
Uccaiśrvas<sup>2</sup>	1
Bhadreśvara	1
Candradvīpam	1
Ghṛtācī<sup>1</sup>	1
Bhadrāśvas	1
Hayaśiras<sup>4</sup>	1
Rahmavarca	1
Ghṛtā	1
Dhṛtā	1
Pañcāladeśa	1
Duruktī	1
Prajvāra<sup>1</sup>	1
Jaḍa	1
Cāturhotra	1
Cakranadī	1
Jaḍabharata	1
Bharata<sup>5</sup>	1
Sumati<sup>8</sup>	1
Bhārata<sup>9</sup>	1
Daśaratha<sup>1</sup>	1
Puṣkala	1
gomūtra	1
Gandharvas<sup>5</sup>	1
Adhirāṭ	1
Māmatiya	1
radvāja	1
Brahmandanāgni	1
Kumarī	1
Kulaparvatas	1
Aryas	1
Nāṭyaśāstra	1
Lakṣmīsvayamvara	1
Matanga<sup>1</sup>	1
Lakṣmīranganā<sup>2</sup>	1
Siddha<sup>1</sup>	1
Manyu<sup>3</sup>	1
Bhīṣma<sup>6</sup>	1
Prāyopaveśa<sup>8</sup>	1
Gautama<sup>9</sup>	1
yāmuṣyāyana	1
Tripuram<sup>6</sup>	1
Maruttā	1
Vitatha<sup>1</sup>	1
Manyu<sup>2</sup>	1
Tapasya<sup>1</sup>	1
Kārttika<sup>2</sup>	1
Dharmi	1
Bhānuman	1
Nivāta-	1
Devata<sup>2</sup>	1
Prāmśu-	1
Bhallāṭa-	1
Udaksvana	1
Udak-	1
Bārhadīṣavas	1
Svayambhu	1
Bhūtas<sup>4</sup>	1
Dakṣa<sup>8</sup>	1
Pauṣa	1
Aśvi-	1
Uttaras	1
Anū-	1
rādha	1
Sāmāhika	1
catusśāla	1
dviśāla	1
ekaśāla	1
Yuvarāja	1
Sthāneśvara<sup>2</sup>	1
māhātmyam	1
Bhūtagrāma	1
Śambu	1
Bhasmasamcchannadeha<sup>1</sup>	1
snānam	1
Bhasma-	1
nātha	1
Bhasmakūṭa	1
bhūti	1
Virakti	1
Bhāgavatam	1
Vedāṅgas	1
Vṛtrāsura	1
Śārasvata	1
Yuga<sup>6</sup>	1
Sānkhyāyana	1
Maitreya<sup>7</sup>	1
Śuka<sup>8</sup>	1
Purāṇadaśalakṣaṇam<sup>10</sup>	1
Prauṣtapada	1
Āṛseya	1
Bhagī-	1
Hamsaprapatanam	1
Himāhvavarṣa<sup>4</sup>	1
srāddha<sup>5</sup>	1
Stambhamitra<sup>2</sup>	1
Bhājiras	1
ṛṣabha	1
Prativyoman	1
Satyabhāmā<sup>1</sup>	1
Pratīkāśva	1
Śatadyumna<sup>1</sup>	1
Śīradhvaja<sup>2</sup>	1
bhānu	1
Śauṇḍa	1
tītāśva	1
Candragiri	1
Duṣyanta<sup>1</sup>	1
Karmabhūmi<sup>2</sup>	1
Indradvīpa	1
Gabhas-	1
Nāgadvīpa	1
nābha<sup>5</sup>	1
Parīkṣit<sup>6</sup>	1
cāmara	1
Garbha<sup>3</sup>	1
māṇa	1
kāraka<sup>4</sup>	1
Kaśyapapada	1
Bhāradvāja	1
Kaśya	1
Vedaśrī	1
Sāmhikeyas	1
Bhārgavam	1
Tapomati	1
Niruṭsāka	1
śveta	1
piśanga	1
sāranga	1
pṛṣata	1
pṛśni<sup>2</sup>	1
Viśva	1
Aśviṣeṇa	1
Pāṇḍa	1
Pakṣas	1
Jita	1
Saṅkalana	1
Maṇḍali	1
Ubhaya	1
Sujaya	1
Udyāna	1
Arthapati	1
Devamīdhuṣa	1
Bhāṣya	1
Patañjali	1
Bhāsī	1
Ṛṣita	1
Garutmān	1
Bhāsas	1
Ulūkas	1
Kalavinkas	1
Lāvatittiras	1
Kākakukkuṭas	1
Samvatsara<sup>2</sup>	1
Śivālayam	1
Moon<sup>5</sup>	1
samyakdarśanam	1
Tatvadarśi	1
Kāñcanaprabha<sup>1</sup>	1
Viśvajit<sup>2</sup>	1
Kalyāṇinī	1
Prajeśvara-	1
Vimala	1
Hidimbā	1
Kālī<sup>1</sup>	1
Madrakas<sup>4</sup>	1
Aśvat-	1
Himādri<sup>2</sup>	1
Sahasrāṇī<sup>1</sup>	1
Balarāma<sup>7</sup>	1
Viṣṇupada<sup>9</sup>	1
Kurus<sup>12</sup>	1
Berar<sup>1</sup>	1
preseṅts	1
Vajrāngī<sup>2</sup>	1
sangrāmas	1
Bhuvaneśvara	1
Prabhāta	1
Niruktañja<sup>1</sup>	1
Acchāvaka	1
Kujambha<sup>2</sup>	1
Uttara-Kuru<sup>1</sup>	1
māṇam	1
Kṛtaloka	1
bhūtas<sup>1</sup>	1
aṇḍaja	1
Bhūtānuvādi	1
Pravātī	1
Bhūtapatis	1
Ekādaśa	1
Yugan-	1
Dhanadharma	1
Navakaṇṭhāyana	1
Maghada	1
Pratihartu	1
Ṛṣi-	1
kulyā	1
Vindhyasena	1
Yudhisthira	1
Gaveṣa-	1
Vivakṣu	1
Mānavas	1
Ānuvan	1
Wonder-	1
Viśvasṛja	1
Pākhaṇḍis	1
Pramathas	1
Maṇiman	1
Rājasūya<sup>8</sup>	1
Indra<sup>9</sup>	1
Tripura<sup>10</sup>	1
prāyopaveśa	1
Bhādrapada<sup>2</sup>	1
Atharvaṇa	1
Viśvacakra	1
Narmadā<sup>1</sup>	1
Piṭrs<sup>1</sup>	1
Kṛṣṇalas	1
cāras<sup>2</sup>	1
Tārakāmaya<sup>5</sup>	1
Carmanvatī	1
Puramjana<sup>1</sup>	1
Vāsukihrada	1
Paramātman	1
Pratikṣetra	1
Kṣatriyas<sup>4</sup>	1
gotrakāras<sup>5</sup>	1
Mṛttikāvara	1
Pura	1
Mārttikāvaras	1
Akrūra<sup>4</sup>	1
Pradymnas	1
Viravrata	1
Kavī<sup>1</sup>	1
Saiṃhikeya	1
Rucira	1
Pluta	1
mātrā	1
plutavatī	1
Māgadhas<sup>2</sup>	1
Bṛhadratha<sup>5</sup>	1
Guptas<sup>6</sup>	1
Viśvasphāṭika	1
Baṭu	1
Devayānī<sup>3</sup>	1
Śaci<sup>4</sup>	1
Svapneśī	1
Gaurī<sup>1</sup>	1
Tripura<sup>1</sup>	1
Hemaśṛnga	1
Naimi-	1
Kālakośa	1
Kañjanapadas	1
Yadukas	1
Śaiśitas	1
Kālatoyakas	1
Yakṣas<sup>1</sup>	1
Caitraratha<sup>2</sup>	1
senāpati<sup>4</sup>	1
Yaksa	1
Maṇivakavarṣa	1
janī<sup>1</sup>	1
Devajananī	1
Puṣpabhadra	1
Suv-	1
Amṛtananda	1
Buddhisamkīrṇa	1
Gajabhadrā	1
Jayāvaha	1
Śrīvatsa	1
Vāstukīrti	1
Śrutinjaya	1
Yajña-	1
Suśliṣṭa	1
Śatrumardana	1
Bhāgapañca	1
Mānava	1
Mānabhadraka	1
Karni-	1
Śatardhika	1
Śyāmabhadra	1
Subhadra	1
Yajñaśālā	1
Vartula	1
Brāhmaṇam	1
aśvamedha<sup>3</sup>	1
Punyajanī	1
Rāva-	1
Mātanga<sup>1</sup>	1
Bharatāśrama<sup>2</sup>	1
Matanga<sup>2</sup>	1
Pārāvārataṭa	1
Ramyaka<sup>4</sup>	1
Virāṭa<sup>7</sup>	1
Śakta	1
Nanda<sup>3</sup>	1
Rājamārga	1
Vraja<sup>8</sup>	1
Yudhiṣṭhira<sup>10</sup>	1
Devakī<sup>12</sup>	1
Ugrasena<sup>15</sup>	1
Dvārakā<sup>16</sup>	1
Sandāsa	1
Surāsindhu	1
Sindhurāja	1
Surām-	1
Sudhāmbudhi	1
Kiricakraratha	1
Mādrakas	1
Viśvasphāṇi<sup>3</sup>	1
Cākṣuṣaman-	1
Bindumān	1
Sanghā	1
Vṛṣni	1
Devakṣetra	1
Puravasa	1
Kumāravamśa-	1
Dhātā<sup>1</sup>	1
Devana	1
Manuvaśa	1
Suva	1
Kaitabha	1
Viṣṇumāya	1
Gayā<sup>3</sup>	1
Pāṇḍavas<sup>2</sup>	1
Dvārakā<sup>3</sup>	1
Viśvāmitra<sup>1</sup>	1
Brahmiṣṭha<sup>4</sup>	1
Nandiyaśas	1
Kāmeś-	1
Pṛṣṭha	1
Madhurā<sup>2</sup>	1
Madhudviṣa<sup>3</sup>	1
Ikṣvāku<sup>1</sup>	1
India<sup>3</sup>	1
Prabhā<sup>1</sup>	1
Dhaivata	1
nālikas<sup>1</sup>	1
Sahasrastambha	1
amṛtavāpika	1
Śaṅkarī	1
Prācītvata	1
Aviddha	1
Mahānta	1
Sāyana-	1
Kṛśāśya	1
Śighraka	1
Bhūtarayas	1
veśa-	1
Amitābhas	1
Mukhyas	1
Ini-	1
Naranārāyaṇa<sup>2</sup>	1
Viprarājaṛṣi	1
Anantā	1
Prasūti<sup>1</sup>	1
Sunandā	1
Vairājas<sup>9</sup>	1
Ūrjjastamba	1
‘Śrāddhadeva’<sup>1</sup>	1
Puran-	1
Ādit-	1
daṇḍadhara<sup>4</sup>	1
Budhas	1
Purūravas<sup>10</sup>	1
Bhūtaketu	1
Pāras	1
Tapomūrti	1
Sāvarṇa<sup>1</sup>	1
Ṛbhava	1
Ṛbhādya	1
Vārimūla	1
Divaukasa	1
Bhāvanas	1
Kaukuruṇḍi	1
Pañcaraucyas	1
Harīta	1
Mānonuga	1
Mantriṇī<sup>1</sup>	1
Mantriṇīśyāmā	1
Kadambavanavāṭikā<sup>2</sup>	1
Daṇḍanāthā<sup>3</sup>	1
Madīrāsindhu	1
Mantrasthānam	1
Cham-	1
Council<sup>4</sup>	1
Gāṇapata	1
Suktimat	1
Aruṇodā<sup>2</sup>	1
Mandaragiri	1
Mandarācalam	1
Keturāṭ<sup>3</sup>	1
Kāmacāriṇī	1
Kakudmān	1
Nandā<sup>3</sup>	1
Ṛṣyavān<sup>2</sup>	1
Love<sup>1</sup>	1
Geyacakra<sup>2</sup>	1
Vasanta<sup>3</sup>	1
Māyavatī	1
God<sup>4</sup>	1
Vidvānagni	1
Merusāvarṇi	1
Rta	1
Ṛtadhāmān	1
Manus<sup>3</sup>	1
Kṣaya<sup>4</sup>	1
Divyavat-	1
Asija-	1
Māyins	1
Viśvakar-	1
Kāṇ-	1
ḍava	1
Talātala	1
Śakadvīpa	1
Kaśyapa<sup>3</sup>	1
Kardama<sup>4</sup>	1
Dāruvana<sup>9</sup>	1
Tripuram<sup>10</sup>	1
Sambhūtī<sup>3</sup>	1
Mārtāṇḍamaṇḍalam	1
Kṣatriyagaṇa	1
Pracetasa	1
Śighrarāja	1
Praśruta	1
Prasuśraka-	1
Yoga-	1
Pratyambaka	1
Mitrajyoti	1
Marutgaṇa<sup>2</sup>	1
Vaikuṇṭha<sup>5</sup>	1
Śobhavatya	1
Kālopanata	1
Bhuvar-	1
Asuras<sup>8</sup>	1
Siddeśvaram<sup>9</sup>	1
Bṛhaspati<sup>11</sup>	1
Bhuvarloka<sup>3</sup>	1
Avikṣit	1
Nariṣyanta<sup>2</sup>	1
Karamdana-	1
Purvasu	1
Marutvān	1
Jayanta<sup>1</sup>	1
Supratīpa-	1
Mukuṭeśvarī	1
Unmattabhairavī	1
Agastya<sup>4</sup>	1
pradeśa	1
Mahāmalaya	1
Mandaram	1
Kalyāṇī	1
Rājagṛha	1
Mallagam	1
Āyuṣmantas	1
Vyāhṛti<sup>4</sup>	1
Pradhāna<sup>5</sup>	1
Sānkhya<sup>6</sup>	1
karṣaṇa	1
Pralaya<sup>5</sup>	1
Amarṣaṇa	1
sāhvan	1
Guhāvasa	1
Mahākāli	1
Kālamṛtyu	1
Mahāsandhya	1
Mahāniśā	1
Trikoṇa	1
Kālacakra	1
Mahāgaṇeśvara	1
Brahmopadeśa	1
ācāryas	1
Vaidūrya	1
Asura<sup>6</sup>	1
Bhaṇḍa<sup>7</sup>	1
Pārvatī<sup>11</sup>	1
Candra<sup>14</sup>	1
Budha<sup>15</sup>	1
Devakā	1
Agnikuṇḍa	1
Śāla-	1
grāma<sup>2</sup>	1
Keśavara-	1
Kīrtirāta	1
Vistṛuta	1
Vis-	1
Dhīmān	1
śarīram	1
khyāti	1
Prajña	1
adhyavasāya<sup>1</sup>	1
virāra	1
Pralaya<sup>2</sup>	1
Śiśunābhas	1
Aikṣvākas	1
Kalin-	1
Śākas	1
Harikūṭa	1
Aru-	1
ṇoda<sup>1</sup>	1
Kinnaras<sup>2</sup>	1
Dhīman	1
Vaiḍūryaśālā<sup>3</sup>	1
kaśipu<sup>4</sup>	1
Sumālya	1
Sumātī	1
Sukalpa	1
Śṛngāra	1
Puṣpotkoṭā	1
Vaidūryaśālā	1
Santanu	1
Bhṛgu<sup>1</sup>	1
Ambarīṣa<sup>2</sup>	1
Savitṛ	1
Malayadvīpam	1
North-east	1
Satkṛtī	1
Gurudhi	1
vīryārjuna<sup>1</sup>	1
Kīrtirāja	1
Kraśyādas	1
Kāmākṣī<sup>1</sup>	1
Īśa<sup>2</sup>	1
Trīpurāmbikā<sup>3</sup>	1
Kara-	1
vīra<sup>4</sup>	1
Lalitāpīṭham	1
Mahābhāgā	1
siddhakṣetram	1
Kekivāhana	1
Mahāvīta	1
vīta	1
Brhaduccha	1
Sudhṛt	1
Bṛhadukta	1
Dṛtiman	1
Mahīśa	1
Mohiṇī	1
Yogaiśvaryas	1
Siddhī	1
Śāvan	1
Sahasa	1
Rasātalam<sup>1</sup>	1
Nṛṛti	1
Durgā<sup>5</sup>	1
Vārāhī<sup>1</sup>	1
Kāli<sup>2</sup>	1
Sohañji	1
Samhata	1
Mādhavī	1
Vasundharā<sup>1</sup>	1
Bhūmī<sup>4</sup>	1
Vikeśī	1
Lohitānga<sup>2</sup>	1
māra<sup>2</sup>	1
rāmas	1
Avimukta<sup>3</sup>	1
Kāpāli	1
Jyo-	1
tirmayibhikṣa	1
Kapāla	1
Kāverī<sup>6</sup>	1
Kāvya<sup>7</sup>	1
Mahāyogi<sup>5</sup>	1
Lokeśa	1
Mahākāla<sup>1</sup>	1
Virūpā	1
Kamalākṣa	1
Śūra<sup>2</sup>	1
Bṛahadratha	1
manvantarādi	1
Māṇḍavī	1
Siddhimatī	1
Tripurāmbikā	1
Bhairavā	1
Mahāśāstri	1
Gṛahabali<sup>3</sup>	1
Uśanas<sup>1</sup>	1
Kāyārohaṇa	1
Grahas	1
Anujyeṣṭakas	1
Niṣkas	1
Śiśumāras<sup>1</sup>	1
mīnā	1
Carṣaṇis	1
Mātṛs	1
Mātaras	1
Gadādhara<sup>1</sup>	1
Girika	1
Dṛṣṭi	1
Midharāmsa	1
Animitra	1
Śinī	1
Devamiḍhuṣa	1
Vaṭeśvara	1
Śivanārāyaṇa<sup>2</sup>	1
Sugandhā	1
Vasavī	1
Vaidyūta	1
Ilāvṛta<sup>5</sup>	1
Siddhas<sup>9</sup>	1
Sukālas<sup>2</sup>	1
Devadhāni	1
Sūryas	1
matī-	1
Satabindu-	1
Purukusta	1
Saubhari<sup>1</sup>	1
Kṣatropetadvija<sup>2</sup>	1
Uthathya	1
Uttankapurohita	1
Tretāyuga-<sup>3</sup>	1
māyā<sup>5</sup>	1
Brahmana<sup>7</sup>	1
Tattya	1
Narasimha<sup>2</sup>	1
śakti<sup>3</sup>	1
Bhayam	1
Mṛtyu<sup>2</sup>	1
Vārāhaviṣṇu<sup>3</sup>	1
Atimohini	1
Triguṇāt-	1
Śānkhyas	1
Kādra-	1
muktāśālā	1
Tāḍaka	1
Somapatha	1
Surucirditi	1
Vaiśvānara<sup>2</sup>	1
Pramloca	1
Śākhin	1
Prācīnabarhisa	1
Candravatī	1
God<sup>a</sup>	1
Bhīma<sup>1</sup>	1
Vāyuloka	1
Suṣumṇā<sup>1</sup>	1
pītha	1
Mṛkaṇḍa<sup>2</sup>	1
Śila-citra	1
Dāttātreya	1
Syamantapāncaka	1
Mṛkaṇḍu<sup>1</sup>	1
Dhūmrapatnī	1
Vedaśiras<sup>2</sup>	1
diśāmārga	1
grāma-	1
sākharathyas	1
ghaṇṭāpatha	1
grahāntaram	1
vṛttimārga	1
Avaskaram	1
Parīvāham	1
Aṇḍam	1
Martāṇḍa	1
Yajñavalkya	1
Brahmarateya	1
Mṛtti-	1
kāvara	1
Mālavī	1
Mālavas	1
Mālavī<sup>1</sup>	1
Visravas	1
Kalinga<sup>2</sup>	1
ayaṇas	1
Revā	1
Karkoṭaka	1
sabhā<sup>2</sup>	1
Kārtavīryārjuna<sup>4</sup>	1
Māhiṣmān	1
Kārtavīryārjuna<sup>5</sup>	1
Sahajit	1
Māhiṣ-	1
Bhadraśreṇiya	1
Mahāyogam	1
Śivacaturdaśi	1
śrotriya	1
Pinākini	1
Māheśvara<sup>2</sup>	1
Pitṛkālāntakas	1
dhāraṇa	1
smaraṇa	1
Aditī<sup>1</sup>	1
Vasiṣṭha<sup>5</sup>	1
Śrāddhadeva<sup>7</sup>	1
Akrūra<sup>8</sup>	1
Utsarga	1
Kṛtrima	1
Nāgnjiti	1
Maitreyī	1
Ūrvaśī<sup>2</sup>	1
Ilā<sup>4</sup>	1
Iḍā<sup>1</sup>	1
Janaka-Vaideha	1
Śatadhanu	1
Satyavādinī	1
Śitoda<sup>1</sup>	1
Pannagas<sup>2</sup>	1
Markoṭa	1
Śrīnagar	1
Ṛksavanta	1
gaṇas<sup>1</sup>	1
Āpaṇa	1
Bahūdana	1
Rasajña	1
Vipaṇa	1
Gabhastalam	1
Shavelings	1
Sanyasins	1
Kanakanandi	1
Gayāśma	1
Tuṣṭī	1
Apsara-gaṇas	1
Śākalya<sup>1</sup>	1
Matsyadagdhas<sup>3</sup>	1
Kṣatra-Brahmanas	1
āvāhini	1
mahāmudrā	1
Trikhaṇḍa	1
Samkṣo-	1
Vidāvinī	1
Ākarṣiṇī	1
Unmādinī	1
Mahāmkuśa	1
Khecari	1
Bhījamudrā	1
Yonimudrā	1
Prakaṭa	1
śīlā<sup>2</sup>	1
Maunideśam	1
Krauncadvīpa	1
Ūrja-	1
Viśvedeva<sup>2</sup>	1
Vitahotra	1
Pāñcajanya	1
Konkan	1
Balabhadra-	1
Viṣuvat	1
muhūrtas<sup>1</sup>	1
Raudra	1
Sārpa	1
Maitra	1
Pitṛya	1
Āpya	1
Indrāgni	1
Vā-	1
ruṇa	1
Aryamana	1
Ajaikapad	1
Pūṣāśvi	1
Bārhaspatya	1
Sāvitra	1
Tvāṣṭra	1
Samgraha	1
Vijayamu-	1
hūrta<sup>3</sup>	1
Muhūrtaka	1
Savysāci	1
Kairāta	1
Prākrośaka	1
Nārikavaca	1
śapāyana	1
Pārāsara	1
Vidhātā-	1
Mārkaṇḍeya<sup>1</sup>	1
candraśālā	1
Mṛgā	1
Yaudheyas	1
Krodha-	1
Maitram	1
Skandasvāti	1
Mṛgaśīrṣa	1
Jāmadagni	1
Śudras	1
Anga<sup>1</sup>	1
Apsa-	1
Vyādhi	1
Asūya	1
Anga-	1
Prajāpati<sup>2</sup>	1
Yama<sup>3</sup>	1
Puṣpamitras<sup>1</sup>	1
Śārṅgadhara	1
Komalā	1
Meghī	1
Vikala	1
Pikala	1
Paṭuman	1
Āpītaka	1
Kṛttivāsa	1
Purīman	1
Śivas-	1
Rāksasa	1
dvīpas<sup>2</sup>	1
Kaiṭabha<sup>3</sup>	1
Kāśmīramaṇḍala<sup>2</sup>	1
Plakṣadvīpa-	1
Praskaṇva	1
Kāṇvāyana	1
dvīpa<sup>2</sup>	1
Śāntabhaya	1
Sukho-	1
Kāṇṭhā-	1
Anupama	1
Nṛpam-	1
Ripumjaya-	1
Sutapā	1
Sahajanyā<sup>1</sup>	1
Maināka-	1
Ekapāṭalā-	1
Devara-	1
“So-mā”	1
mavādinī	1
Kaḍamba	1
Vaibhrājaka	1
Sarvatobhadra	1
yātra	1
Karavīra	1
Triśṛnga	1
Bhāgavan	1
Varṣaparvatas	1
Uttarakuru<sup>4</sup>	1
Kakuśtha	1
Niyati	1
Āyati	1
Yogātmā	1
Karṇikāmūlam	1
Marīcigarbhas	1
Sugrīvī<sup>1</sup>	1
Vajrāngas	1
Kaśyapa-gotrakāras	1
Prasāda	1
Kauṣārava	1
Mitrā	1
Maitrāyaṇavara	1
Śaiśunāgas	1
Mīnā	1
Brahmam<sup>5</sup>	1
Modāka-	1
Ām-	1
Modāka	1
Ātreya-gotrakāra	1
Kanṭha	1
Mudgalas-	1
Tāṇḍi	1
Angiras<sup>2</sup>	1
Gardabhins	1
Kankas	1
Turuṣkas	1
Dākṣiṇāthya	1
Devagandharvas	1
Maurvyas-	1
Śungas<sup>1</sup>	1
Śaka	1
Parādas-	1
Pallavas	1
Paplava-	1
Kāmbojas	1
Ābhiras-	1
Guruṇdas	1
Āryas<sup>5</sup>	1
Pārvana	1
Benares<sup>7</sup>	1
Madhucchandasas	1
Kolikilas	1
Rāvaṇa<sup>10</sup>	1
śrāddha<sup>11</sup>	1
Loheyas	1
Bharateyas	1
Kṛśāṅ-	1
Viśāleyas	1
Vaiśampāyana<sup>1</sup>	1
Vṛttādhya	1
Śukriyas	1
Girikā	1
Lomaharṣaṇikas	1
Kāśyapikas	1
Sāvar-	1
ṇikas	1
Yajus<sup>1</sup>	1
śākhas	1
Sun-god	1
Vājaseneya<sup>3</sup>	1
mā<sup>1</sup>	1
Yāma<sup>4</sup>	1
samāna	1
candaṇa	1
devadāru	1
śālmali	1
nīpa	1
vibhītaka	1
Yāmas<sup>5</sup>	1
Kaliyuga<sup>2</sup>	1
Sruca	1
Asuras<sup>6</sup>	1
maṇā	1
Graha	1
yajñam	1
Lakṣahoma	1
Koṭi	1
yūpa	1
Śāl-	1
malidvīpa	1
maṇḍapa	1
Vedangas	1
śrutis	1
sāmaghoṣa	1
ūrdhvagātra	1
Dakshiṇa	1
upākarmeṣṭhi	1
upaniṣad	1
Maṇisṛṅga<sup>2</sup>	1
Sānti	1
Śivaskandha	1
Dviyajña-	1
Vyāla<sup>2</sup>	1
śisira	1
Kākustha<sup>2</sup>	1
Prāyaścittas	1
Kurara	1
Ill-treated	1
Garga<sup>2</sup>	1
Krsna	1
Pṛṭhu	1
Brahmaṇa	1
Nṛga<sup>3</sup>	1
Śudra	1
Amarttas	1
Aprakāśas	1
Jyotiṣmantas<sup>6</sup>	1
Kālanemi<sup>10</sup>	1
Saptamī-	1
Himā<sup>22</sup>	1
Yājñiya	1
Dutimat	1
Kiṇkara	1
Anuparvatam	1
Lauhitī	1
Sūrya-	1
mahānadī<sup>2</sup>	1
Uddhava<sup>3</sup>	1
Citraketus	1
Gopi	1
Saubhari<sup>6</sup>	1
Hamsa<sup>7</sup>	1
Arjuṇa	1
Kālindī<sup>8</sup>	1
Kṛṣṇa<sup>10</sup>	1
Pratiṣṭhāna<sup>11</sup>	1
Mṛgāvatī	1
Pitṛs<sup>12</sup>	1
Pitṛs<sup>13</sup>	1
Tripurāri<sup>14</sup>	1
Veda<sup>16</sup>	1
Sūrya<sup>17</sup>	1
Bṛṇdāvan	1
Ajyapas	1
Vṛṣaparvan<sup>1</sup>	1
Bhṛgutunga	1
Prajāpati<sup>5</sup>	1
samjñā	1
Vasuman	1
puṇyam	1
Śaunakas	1
Naimiṣeyas	1
yūkā	1
Śakas<sup>3</sup>	1
Yaśasya	1
Dvimīḍha	1
Kṛtimān	1
Haryaśva-	1
Dvijāmīḍha	1
Viśvarūpinī	1
caṣaka	1
pāśa	1
kuṇṭika	1
keṭa	1
Śakaṭāsura	1
Earth<sup>5</sup>	1
bāladoṣa<sup>6</sup>	1
Śakaṭa<sup>7</sup>	1
Haviṣmanta-	1
Brhanmanas	1
Śiśunandi	1
Kili-	1
kilā	1
Iśāna	1
Bāṣkalai	1
Śatānīka<sup>1</sup>	1
Brahmarāta	1
Vājasenyastas	1
ayātayāma	1
mādhvaryus	1
Ekārṣeya<sup>3</sup>	1
Kalki<sup>1</sup>	1
Brahmavāha	1
Jantudhāna	1
Śun	1
Mādha-	1
Vaiṣṇavas<sup>3</sup>	1
Yadu<sup>1</sup>	1
Kukuras	1
Andhakas<sup>4</sup>	1
Kamsa<sup>5</sup>	1
Yādavendra	1
Prasena<sup>2</sup>	1
Yadukula	1
samājam	1
Hariyajña<sup>1</sup>	1
Vivadha	1
Srāsata	1
Vibhāsa	1
Prayāti	1
Viśruta	1
Dyuti	1
Samyama<sup>2</sup>	1
śalabhas<sup>1</sup>	1
dhyapūrva	1
sandhyāmśa	1
Samvat-	1
Śaptaṛṣis<sup>4</sup>	1
Śaineya	1
Dyumni	1
Śainya	1
Yuddhamuṣṭi	1
Sudhanu	1
Ajamīḍha<sup>1</sup>	1
Purohitas	1
Sahadevas	1
Yadus<sup>5</sup>	1
Śīkhaṇḍi	1
Saibya	1
Pippalāda<sup>7</sup>	1
Subhā-	1
Jaya<sup>1</sup>	1
Aśvatthaman	1
Hāstinapura<sup>2</sup>	1
Indu	1
Śrāva	1
Pra	1
Iṣṭi	1
Harita-	1
Raṇāśva	1
Mandhāta	1
likhyā	1
likṣā	1
Vājapeya<sup>2</sup>	1
Brahmatīrtha	1
Yūpa<sup>4</sup>	1
Bhaktiyoga<sup>3</sup>	1
Kriya	1
Kriyāyoga<sup>4</sup>	1
Nārāyaṇa<sup>5</sup>	1
Ṛṣi<sup>15</sup>	1
svādhyāya	1
Khāṇḍikya<sup>17</sup>	1
Kriyāyoga<sup>2</sup>	1
Viṣṇumāyā	1
Sīlpaśāstra	1
dharmaśāsanam	1
vānaprasthas	1
Brahmacārins<sup>6</sup>	1
Kanakhala-	1
Dhūtapāpā	1
Śalmalidvīpa	1
Mṛga-	1
Hārita<sup>1</sup>	1
Ripu<sup>2</sup>	1
Pālana	1
Śucī<sup>1</sup>	1
Puruṣamedha	1
Sāmavedins	1
Dīrghabāhu	1
yogamāyā	1
Rājasīvṛtti	1
Tṛṣa	1
Arija	1
Maṇidhara	1
devakāryas	1
Rajeyas	1
Jaya<sup>2</sup>	1
Kṛtañmjaya	1
Samjāya	1
Bārhadbalāyana-	1
Vrāta	1
Śyā-	1
malā	1
Harṣa<sup>3</sup>	1
Kāma<sup>4</sup>	1
Śambhu<sup>1</sup>	1
Gudadhenu	1
Ratnācalam	1
Prānins	1
traśarīra	1
Sūryamaṇḍalam	1
trasareṇu	1
Śuci-	1
śākhapūrṇarathītara	1
mahāratha<sup>1</sup>	1
Kārtavīryārjuna<sup>2</sup>	1
Satyaśṛṇga	1
Śākhavaiṇa	1
Virūpa<sup>1</sup>	1
Ketava	1
Dalaki	1
Dhama-	1
śarma	1
Devaśarma	1
Vālukesvaram	1
Sūryamaṇḍalam<sup>2</sup>	1
Riveyu	1
Pulkasa	1
Ṛteyu	1
Kālīya<sup>2</sup>	1
Rāmatīrtha	1
Vāleyas	1
Kambaleyagaṇa	1
Vivimśati	1
Khani-	1
Hiraṇyakaśipu<sup>5</sup>	1
Aṣtāvakra<sup>2</sup>	1
Nīlavarṣa-<sup>1</sup>	1
Nīlācala<sup>2</sup>	1
Keśari	1
Nīlavarṣa	1
Eka	1
śrāddhadevas<sup>2</sup>	1
śrāddhadeva<sup>3</sup>	1
Āditya<sup>4</sup>	1
Uttarārka	1
Dakṣiṇārka<sup>5</sup>	1
Samy-	1
Suṣā	1
gaṇa<sup>7</sup>	1
Tārakāmaya<sup>8</sup>	1
mukhyā	1
Vidyuta	1
Paṇis	1
Nivātakavacas	1
Brahmana<sup>2</sup>	1
Pralaya<sup>3</sup>	1
Gabhastala	1
Sritala	1
Patāla	1
sauvīra	1
Jaḍa-Bharata	1
Smrtī	1
Prātas<sup>1</sup>	1
Pratipada	1
Rakṣas	1
Guhya-	1
rākṣasas	1
dīvācaras	1
Yajñamukhas	1
Vārtta	1
Viśvāmītra	1
Bhaumanarakam<sup>3</sup>	1
Yātudhāna<sup>4</sup>	1
Svasā<sup>6</sup>	1
Pātāla<sup>7</sup>	1
saṅghava	1
Viṣayarāga	1
Tāḍakā<sup>2</sup>	1
Sītā<sup>3</sup>	1
Rājan	1
Sāmantas<sup>4</sup>	1
Yayāti<sup>6</sup>	1
Śamika<sup>2</sup>	1
Raupyācalam	1
daṇḍadhārin	1
Rājasoma	1
Śrīpuram<sup>2</sup>	1
Mathurā<sup>3</sup>	1
Suvrddhi	1
Lokapāla<sup>1</sup>	1
Prajākarī	1
Pārameṣṭhī	1
gāndhāra	1
grāmika	1
akṣayatṛtīya	1
udgāta	1
Sinivālī	1
Dhṛtī	1
Śvetavāhana	1
Avantī<sup>1</sup>	1
Rājeyas	1
Jīnadharma	1
Jīna	1
vāda	1
bāhya	1
Kauthuka	1
Lokākṣi<sup>2</sup>	1
Pārameśvara	1
yāmas	1
Triyāmikā	1
āsuri	1
Suklapakṣa<sup>3</sup>	1
Vṛndāvana	1
Yādhava	1
Śṛgāla	1
Vaśudeva	1
Satadhanvans	1
Brāhmaṇa<sup>11</sup>	1
Dvārakā<sup>13</sup>	1
Sūrpaṇakā	1
Vibhī-	1
Rāmacarita	1
mīki	1
Purohita<sup>7</sup>	1
Govardhana<sup>9</sup>	1
Rudrapada	1
Viṣṇuloka<sup>10</sup>	1
Nārāyaṇa<sup>11</sup>	1
Arjuna-Haihaya	1
Syamantapañcaka<sup>4</sup>	1
Padmāsana	1
vyādha	1
Akṛtavraṇa	1
Brāhmaṇa<sup>7</sup>	1
Dhanurveda<sup>8</sup>	1
Kṣatra<sup>9</sup>	1
Dharanī<sup>10</sup>	1
mavarmā	1
Ramanā	1
Ayodhyā<sup>4</sup>	1
Keśinī<sup>1</sup>	1
Māndhāta<sup>3</sup>	1
Śītās	1
Arjuna-Haihayas	1
Māhiṣmatī<sup>5</sup>	1
Vīra<sup>6</sup>	1
Rāma<sup>7</sup>	1
Anaraṇya<sup>11</sup>	1
Pulastya<sup>12</sup>	1
Kāśeya	1
gopī	1
Āyu<sup>3</sup>	1
Vidyādharas<sup>4</sup>	1
Prayāgā<sup>5</sup>	1
Ādityas<sup>6</sup>	1
Amarakaṇṭaka<sup>8</sup>	1
śrāddha<sup>9</sup>	1
Śuddhodana	1
Svātivarṇa	1
Babhru<sup>1</sup>	1
Yauvanāśva	1
Vairī	1
Śiṣṭiī	1
Sudhīra	1
Bahuratha	1
Pradyota<sup>3</sup>	1
Anādṛṣṭa	1
Vegavatī	1
Rukmeṣu	1
meṣu	1
Mahāpaurava	1
Praviṣṭa	1
Rukmiṇī<sup>5</sup>	1
padī	1
Hāsti-	1
Lakṣmī<sup>9</sup>	1
Brahmeṣu	1
Aruṇoda<sup>3</sup>	1
Hari-Yajña	1
Dakṣiṇā<sup>1</sup>	1
Raucya<sup>2</sup>	1
Yāmas<sup>3</sup>	1
Nirmoha	1
Śrutaś-	1
ravā	1
Gangā<sup>6</sup>	1
Vṛkāsura	1
Samvarttaka	1
rudrīya<sup>9</sup>	1
Gokarṇa<sup>10</sup>	1
Gaurī<sup>12</sup>	1
Kṛttikas<sup>14</sup>	1
Bāṇāsura<sup>15</sup>	1
Krodhavaśas	1
Nīlalohita	1
Rudra<sup>5</sup>	1
Niṛṛti	1
Sadasaspati	1
Jvara	1
Śivapuram<sup>6</sup>	1
Rāvaṇa<sup>7</sup>	1
Viṣṇu<sup>8</sup>	1
Mahārudra	1
Rudrāṇī<sup>1</sup>	1
Amarakaṇṭa	1
dvādaśi<sup>2</sup>	1
Ṛtudhāma	1
Somatīrtham	1
mātrāpadam<sup>3</sup>	1
Gaurīloka<sup>2</sup>	1
Vārānasī	1
Rudrāśva	1
Tripurāyatanam	1
Cakradhvaji	1
Kuṇḍu	1
Rudhirāmbha	1
Rudhirāndha	1
Panasa	1
Ahīnaka	1
Kravyādas	1
Svāha	1
Kamalī	1
Suveṇu-	1
Reṇukās	1
Niśita	1
Ulmuka<sup>2</sup>	1
Śanaiścara<sup>2</sup>	1
Raibhyas	1
Hāha	1
Hūhu	1
Ābhūtara-	1
saptaṛṣis	1
Balabandhu	1
rāri	1
Itihāsa-	1
ākhyāna	1
mūla	1
Citrā<sup>1</sup>	1
Nanda-	1
Pauravī<sup>6</sup>	1
Dīptimat	1
Tāmrapakṣa	1
Mahādeva-Candramatanu	1
Hamsakālī	1
kīlā	1
Kāmaduaghā	1
Śuklapañcami	1
Śrotriya	1
Vapuṣmatī	1
Gaṇeśvaras	1
Ahamyāti	1
Samjāti-	1
Ṛkyuṣu	1
Ghṛṭācī	1
Sūta-	1
Brahmapada	1
Citraketu<sup>2</sup>	1
Kora-	1
Candracakra	1
Gātravat	1
Ramā	1
Dharma<sup>5</sup>	1
devīs<sup>6</sup>	1
Sitā	1
Gayā<sup>9</sup>	1
Sūnṛtā<sup>2</sup>	1
māyā<sup>3</sup>	1
Meru<sup>4</sup>	1
Vidhātā<sup>1</sup>	1
Vṛndāvana<sup>2</sup>	1
Yaṣṭi	1
Agastya<sup>3</sup>	1
Hetru	1
Dharma<sup>2</sup>	1
Vinaya<sup>3</sup>	1
Śāntikarṇi	1
Śatakarṇi-	1
Pilaka	1
Upākhyāna	1
Hayagrīva-Viṣṇu	1
Śrīdaṇḍanāthā	1
sāmrājya	1
Mantriṇī	1
Gaṇanāthas	1
Śūnyakam	1
senā	1
Śrīpuram<sup>3</sup>	1
Lavaṇa-	1
Mahogra	1
Lavaṇāmbudhi	1
aṇḍam<sup>2</sup>	1
droṇas	1
Prase-	1
Samhitā<sup>2</sup>	1
Svetā	1
taṛṣi<sup>1</sup>	1
Samhitas<sup>2</sup>	1
halā	1
Lājavarṣam	1
Vālāgram	1
Godāvarī<sup>3</sup>	1
Praghāsa	1
Dhruvakṣiti	1
Avana	1
Vāgīśi	1
Agniliṅga	1
Āgneyakalpa	1
phālguṇi	1
Golokam<sup>1</sup>	1
Akṛta	1
Bhūḥ	1
Kṛtas	1
Akṛtas	1
Prākṛtas	1
Sāntānikas	1
Ādidevas	1
East-	1
Vasvaukasāra	1
South-Yama	1
North-Candra	1
Vibhāvari	1
Bṛhaspati<sup>6</sup>	1
Pralaya<sup>9</sup>	1
Vedya	1
somabhūta	1
agnibhūta	1
manobhūte	1
tapobhūta	1
dūdaka	1
Yogeśvara-Kṛṣṇa	1
Sudhāman	1
Hrādi	1
Lambha	1
Vastu-	1
nadīs	1
Śarāvadī	1
Carmavatī	1
Sūta<sup>4</sup>	1
Utpalāvastaka	1
Paurās	1
Jānapadas	1
Indrota	1
Loha	1
Bāna	1
Candraprabha	1
Yakṣa-	1
Maṇidharas	1
Pūr-	1
vāṣāḍha	1
Unnata-	1
Gauḥ	1
Suyaśa	1
Laukikamānam	1
Uttarāyanam	1
Saptaṛṣi	1
modanāgni	1
Atharvā<sup>2</sup>	1
Sāvarṇika	1
Tārakāmaya<sup>1</sup>	1
Dharmavarman	1
Utka	1
kirāta	1
Śīlāvatī	1
Dvijavarmans	1
Dvijavarman	1
Nīlakas	1
Khagana	1
Utka-	1
Śamkhana	1
Ghoṣavasu	1
Bhāgavata<sup>1</sup>	1
Vaj-	1
rāṅgas	1
Upāsanga	1
Dakṣiṇā-	1
Śūlapāṇi<sup>1</sup>	1
Rudraloka<sup>2</sup>	1
Maheśvara<sup>4</sup>	1
Saharakṣa<sup>3</sup>	1
Vaḍavāgni	1
Avantaka	1
Miśrakeśi	1
Śrāvastī	1
Gauḍadeśa	1
Vatsabālaka]	1
Prāmśu<sup>1</sup>	1
Dhru-	1
Ārtavas	1
Urukriya	1
Urukṣaya-	1
Kṣaya	1
Raibhya-	1
Śamana	1
mahāpātakams	1
Veśa	1
Kapila<sup>2</sup>	1
kapiñjala	1
kalaviṅga	1
cakravāka	1
Ghrtaprstha	1
Latā<sup>1</sup>	1
TDurvasu	1
Bharga<sup>1</sup>	1
vāhana<sup>2</sup>	1
Skanda<sup>3</sup>	1
Kaklasa	1
Akṣarā	1
Vyavasāya<sup>1</sup>	1
Atibāhu	1
Mahātma	1
Vamśavittamas	1
Śamkarṣaṇa	1
Vamśyānucaritam<sup>2</sup>	1
Rajata	1
raśmi	1
Vidvat	1
Bṛhamgira	1
Urvīśa	1
Atithīśa	1
Caṇḍīśa	1
grakeśvara	1
Lalitāpītha	1
Someśvara	1
ṇyākṣa	1
Varāhadvīpam<sup>1</sup>	1
Viṣṇulokam	1
Pradeśa	1
Vārāhī	1
Mītrāvaruṇa	1
Yudhi-	1
ṣṭhiras	1
Carṣaṇī<sup>3</sup>	1
Sunādevī-	1
Hetī	1
pāri-	1
jāta	1
Brāhmana<sup>11</sup>	1
Śiva<sup>13</sup>	1
Gokarṇa<sup>14</sup>	1
Nāgapāśa	1
Gṛhabali	1
Sukhā<sup>19</sup>	1
Varuṇa<sup>21</sup>	1
Gītaka	1
alamkāras-	1
Sannyāsa<sup>1</sup>	1
Śākadvīpas	1
Tretayuga	1
Bhadraśva	1
Varṇas	1
Śākadvīpa<sup>5</sup>	1
Manu<sup>6</sup>	1
Dvāpara<sup>7</sup>	1
Kali<sup>8</sup>	1
Kṛtayuga<sup>11</sup>	1
Kauśikan	1
Nisadha	1
Śṛṅgavān	1
viṣkambha	1
Kuśadvīpa<sup>2</sup>	1
Maṇḍala	1
Kuśavatī	1
Vik-	1
rānta	1
Vamśavartins	1
Vaṣaṭkriyā<sup>1</sup>	1
Vaṣaṭkāra	1
Saptakas	1
Dhāta	1
Aryamā	1
Samkīrṇāra	1
Kratastāli	1
Puñjikasthala	1
Rathakṛchra	1
Grāmaṇis	1
tṛtīya	1
Paulomi	1
Piṇḍāraka<sup>4</sup>	1
Vijitāśva<sup>1</sup>	1
Mitrāvaruṇa<sup>2</sup>	1
Ratis	1
Śrāddhā	1
Purohīta<sup>4</sup>	1
Puruṣamedha<sup>2</sup>	1
Madayantī<sup>3</sup>	1
Viśvacakra<sup>2</sup>	1
Sāras-	1
Ūrjjanta	1
Sukātas	1
mahaṛṣi	1
yuvarāja<sup>1</sup>	1
Prathiṣṭhāna	1
Trayyā-	1
ruṇi	1
Kalmāṣapādas	1
Bṛhat-	1
ṣeya	1
Vastara	1
Angirasī	1
Pātāla-	1
Acchodāmatsyagandhi	1
Cedipati<sup>1</sup>	1
Upamanyava	1
Agni<sup>5</sup>	1
Jyotiṣmantas	1
Vyāpakas<sup>6</sup>	1
Vāsudeva<sup>8</sup>	1
Vasus<sup>9</sup>	1
Somapas<sup>10</sup>	1
mīḍha	1
Ānaka-	1
Nandagopas	1
Yaśoda	1
Citralekhā<sup>5</sup>	1
Jāmbavatī<sup>8</sup>	1
Vṛṣṇis<sup>9</sup>	1
Saumī	1
Vṛka<sup>10</sup>	1
Vasudeva<sup>13</sup>	1
-Devabhūmi	1
Bhūmitra	1
Kāṇvāyanas	1
Vasundharā	1
Vasumati	1
Suta	1
Sujyeṣṭha	1
Vasujyeṣṭha-	1
Udanka-	1
Rukmavat	1
Paśupa	1
Brahmajyoti	1
Jaigīsavya	1
Bhīsma	1
Upagupta	1
Vasvokasārā	1
Durdamana	1
Śatānīka-	1
Suvakṣa	1
Śikhi	1
Dūṣana	1
Vidyutjjihva	1
Anupālikā	1
Asalikā-	1
Vāgadhīśa	1
Vākpati	1
parokṣa	1
dvāpara<sup>1</sup>	1
Nīryantara	1
Somaśuṣman<sup>2</sup>	1
Gāndharvī<sup>2</sup>	1
Yāj-	1
ñavalkya	1
Sūrya<sup>3</sup>	1
Dharmaśāstras	1
Bhāratī	1
Virodha	1
Satajit	1
Vātaskandhas	1
Śakra-	1
Satyajyoti	1
Citrajyoti	1
Ṛtajit	1
Sutamitra	1
Amitra	1
Suramitra	1
Dhātu	1
Abhiyuktākṣika	1
Sāhvaya	1
Anyādṛk	1
Sasariddrumavṛkṣakas	1
Mita	1
Samita	1
Nānyādṛk	1
Sama-	1
Sammita	1
Samavṛtti	1
Āvaha	1
Pravaha	1
Udvaha	1
Samvaha	1
Vivaha	1
Anuvaha	1
Dhamanī	1
Agastya<sup>1</sup>	1
Dvīpins	1
Simhas	1
Vyāghras	1
Nīlas	1
Salyakas	1
Mārjāras	1
Lohāsas	1
Vāna-	1
Māyavas	1
Krodhavaśa<sup>1</sup>	1
Piṇḍāraka<sup>1</sup>	1
gotrakāra<sup>3</sup>	1
Bṛhaduktas<sup>4</sup>	1
Bṛhaduttha<sup>3</sup>	1
dvādaśi	1
Vindyāvali	1
Kurukṣetra<sup>7</sup>	1
Irāvatī<sup>2</sup>	1
Dānava<sup>1</sup>	1
Danu<sup>2</sup>	1
Angadā	1
Añjanaśyāma	1
Sāmna	1
Māhātmya	1
Śarad	1
Vaiṣṇavahood	1
Āvedins	1
Ekabhū	1
Kratu<sup>2</sup>	1
Vāyasa	1
Nirṛti<sup>2</sup>	1
Ilā<sup>1</sup>	1
Mudā	1
Brāhmaṇa<sup>5</sup>	1
Bhuvas-	1
lokāloka<sup>6</sup>	1
Ādi	1
Rudra<sup>11</sup>	1
Bhīma<sup>12</sup>	1
Indra<sup>13</sup>	1
Anuhrāda<sup>1</sup>	1
Vṛkodara<sup>3</sup>	1
Haryangas	1
Śatadhanvā<sup>1</sup>	1
Avimuktam	1
Kṣetram<sup>3</sup>	1
Viśālākṣī	1
Rudraśṛeṇya	1
Kaliyuga<sup>8</sup>	1
dvāpara<sup>9</sup>	1
Maṇikarṇikā	1
Kāśīs	1
Paramagati	1
Paramamokṣa	1
Aṣṭami	1
Caturdaśī	1
Chāyā-	1
Kṣoṇi	1
Mahāvārāha	1
Varāhadvīpam	1
yajñaṅgas	1
lakṣaṇa	1
devamātaras	1
Dṛḍhavrata<sup>2</sup>	1
sāgara	1
Tretāyuga<sup>2</sup>	1
grāmāraṇya	1
vārtā	1
maryādā	1
Devī<sup>4</sup>	1
vidyā<sup>5</sup>	1
Vārta-	1
Dhārṣṭaka	1
Sāvarna<sup>6</sup>	1
Trasa-	1
reṇu	1
Kiṣkinda	1
Nārada<sup>1</sup>	1
Vālakhilyāśrama	1
Carṣaṇī	1
dvāpara<sup>4</sup>	1
Panavī	1
Prayāgā<sup>3</sup>	1
Urjā	1
Putra	1
Ardhabāhu	1
Ādhana	1
Garta	1
Urdhvabāhu	1
Vaiḍūrya	1
Tripurāri<sup>4</sup>	1
Amarakaṇṭaka<sup>5</sup>	1
Vatsa<sup>6</sup>	1
Surasā	1
Sutalam<sup>1</sup>	1
Bahumūlaka	1
Aditi<sup>5</sup>	1
Incon	1
Śilpaśāstra	1
garbhiṇis	1
Five-fold<sup>2</sup>	1
Vāstuśāstra	1
Vindhyakas	1
Śātvata	1
Kṛmila	1
Ekārṣeyas<sup>2</sup>	1
Sāṅkhya	1
Kakustha<sup>3</sup>	1
Vṛṣabettā	1
Dānta	1
Nātha	1
Vidvān	1
Vaikuṇ-	1
ṭhas<sup>1</sup>	1
Cākṣuṣa<sup>2</sup>	1
Bhadrasundarī	1
Śarva-	1
Ayomukhī	1
Stambinī	1
Śilā<sup>3</sup>	1
Utadhya	1
Śuciratha	1
Matsyagandhī<sup>1</sup>	1
Dāsayī	1
Ambālikā	1
At-	1
Kratu-	1
vijña	1
Upadevīvā	1
Cañcu	1
Kṣatriyas<sup>1</sup>	1
Ruruka<sup>2</sup>	1
Pārvatī<sup>2</sup>	1
Vijñāti	1
śatayojana	1
Vijara	1
Hāṭa-	1
keśvara	1
hāṭaka	1
Anuh-	1
aṅgulas<sup>1</sup>	1
gṛhabalikuṇḍam<sup>2</sup>	1
Pavitrā	1
Śaibyā	1
Snuṣā-	1
Krathu	1
khādira	1
Vicitravīrya-	1
Trita	1
Surāṣṭra	1
Maitreya<sup>2</sup>	1
Ātman<sup>3</sup>	1
Vidūra-	1
Vaidūrapatis	1
Janaka<sup>2</sup>	1
antarkṣaya<sup>3</sup>	1
Khili	1
Khilis	1
Mimāmsa	1
Arthaśāstra<sup>1</sup>	1
Anvīkṣikī	1
Vārta	1
Daṇḍanīti<sup>2</sup>	1
Aparā<sup>3</sup>	1
Pāñcaladeśa	1
Cītraketu	1
Vidyādhara<sup>8</sup>	1
Śaiveyas	1
Vikrāntas	1
Saumanasas	1
Tāmravarṇa	1
Vanacāriṇī	1
Arvāktalam	1
Rasana	1
Vidyuti	1
Stanayitnus	1
Bṛhangiras	1
Manyumān	1
Siśumāra	1
araṇi	1
Ajāta-	1
śatru	1
Vaidhṛtis	1
Khagaṇa	1
nābha	1
Taikṣya	1
Suparṇā<sup>1</sup>	1
Suparṇā<sup>3</sup>	1
Prince<sup>2</sup>	1
Vaiṣṇava<sup>4</sup>	1
Gāngeya	1
Vināyakas<sup>6</sup>	1
mūṣika	1
Gajatuṇḍa	1
devagaṇa<sup>2</sup>	1
Anuvinda<sup>1</sup>	1
Kulaparvata-	1
Prasena<sup>3</sup>	1
Vindyādhi-	1
vāsinī	1
Kilakila	1
Kaiṅkila	1
Yavana-	1
Vaidiśaka	1
Purañjaya<sup>3</sup>	1
Anaupamyā	1
Kumbhīnasī	1
Mukhyā	1
Devendra	1
Himālayas<sup>3</sup>	1
Amoghākṣī	1
Vipulā	1
Vimāna	1
Citraka<sup>1</sup>	1
Dhṛtadevā	1
Sṛtaṃjaya	1
Simhikeyas	1
Kolāhalā	1
ṭha	1
ṇyakaśipu<sup>1</sup>	1
Saumyakam<sup>2</sup>	1
Rociṣa	1
Ātapa<sup>2</sup>	1
Dyutī	1
Kuruvamśa	1
Kaikaśī	1
Vasava<sup>1</sup>	1
Pratāvī	1
Prāstāvī-	1
Āṣā-	1
ḍha	1
Love<sup>2</sup>	1
Anagha	1
Āvirmukhi	1
ṇāpatha	1
Bhīma-	1
Rahasyayoginī	1
Vimaleśvara	1
devaśilā	1
Rudraloka<sup>3</sup>	1
Vimocana-	1
Kalyāṇa	1
Vivimśaka	1
Viṣūci	1
Sudhāmā	1
Nābhikūpa	1
Agniṣvātta	1
Aṇḍa<sup>1</sup>	1
Puruṣa<sup>3</sup>	1
Nara<sup>4</sup>	1
Nara<sup>1</sup>	1
Dakṣiṇāpatha<sup>3</sup>	1
Virāja	1
Virañcya-	1
Viriñci	1
gotrakartā	1
Adhisomakṛṣṇa	1
Nāgasāhvaya	1
Ṛkṣa-	1
Paiśāca<sup>1</sup>	1
Viviktanāman-	1
Vividha-	1
Vivici-	1
Vimśaputra	1
Vimśa-	1
kāṇḍa	1
Kalingadeśa	1
Amara-	1
kaṇṭaka	1
Viśalya<sup>1</sup>	1
Daṇḍaka	1
Skanda-	1
Tṛṇabiṅdu	1
Vaiśāli	1
Tṛṇabiṅdu-	1
Ālambuṣa	1
Viśālā<sup>1</sup>	1
Avīcinaraka	1
Viśālayā	1
Upavāsa	1
Pāmaras	1
Śaktis<sup>2</sup>	1
rāga	1
guḍadhenu	1
pūja	1
guḍa-dhenu	1
Ceḍaviḍā	1
Ilavilā	1
Devavarṇanī	1
Śūrpanakhā	1
potkaṭas	1
Mahāpāmśu	1
Kumbhīṇasī	1
Vākās	1
Dūṣaṇa	1
Vidh-	1
Asalikā<sup>3</sup>	1
Viśruti-	1
Sahasvat	1
Ān-	1
girasī	1
Akṛti-	1
ṣuṣa<sup>2</sup>	1
Pāṇḍavas<sup>5</sup>	1
śilpas	1
Nyāsa	1
bhāta	1
Bhuvanā	1
Ambarā	1
Suyo-	1
Jalaśāyi	1
Pañca	1
Bhutās	1
Lokapālās	1
Ripum-	1
Pārāvatā	1
Kṛtaśarma	1
Viśvaśarma	1
Yasodā	1
Jālandhara	1
Sthiti	1
Kṣoṇī	1
Vasumatī	1
Rasā	1
Viṣvagandhi	1
dharā-	1
Suragaṇas	1
Paurodhasa	1
Trailokya-	1
lakṣmī	1
Pañcajanī<sup>1</sup>	1
Somapīṭḥa	1
Surāpīṭḥa	1
Annāda	1
Kalavinka	1
Tittiri	1
Rūpavatī	1
aṭṭahāsa	1
Muṇḍi	1
mavratā	1
Brahmāṇḍādhi-	1
Aiḍaviḍa	1
Ilivila-	1
Vyuṣitāśva	1
Yuṣitāśva-	1
Dhyuṣitāśva-	1
Iḍaviḍa	1
Prasena-	1
Pañcakas	1
Indraloka	1
Viśveśvara	1
Pūrvaciti	1
Kārtika<sup>4</sup>	1
Piṇḍāraka<sup>5</sup>	1
Viśvaratha-	1
Kucika	1
Madhucchandas	1
Madhucchan-	1
Śakun-	1
talā	1
Kṣatriyadvija	1
Brahmiṣṭa<sup>8</sup>	1
Ūrja<sup>1</sup>	1
Gandharva-	1
Hīraṇyakaśipu	1
Namuci<sup>2</sup>	1
Kārtika<sup>3</sup>	1
Dharmaputras	1
Viśvāndevas	1
Śrava	1
Ārdra-	1
Bhuvarloka<sup>5</sup>	1
rājasūya<sup>6</sup>	1
Gītā	1
kūṭayuddha	1
Viṣaya	1
aviṣaya	1
Vaivasvatagati	1
Viṣvaksena<sup>2</sup>	1
Tilācala	1
Cāndra-yuva-	1
Viḍbhuk	1
Kārtika<sup>1</sup>	1
Ādityas<sup>2</sup>	1
Uttamaśloka	1
Trivik-	1
aṇḍakaṭāha	1
Sānkhyanidarśana	1
Sītārāma	1
Kim-	1
puruṣa	1
yāgam	1
Māheśvaram	1
Yajña<sup>6</sup>	1
Kumāra<sup>8</sup>	1
varūpa	1
Ravis	1
Sagaras<sup>14</sup>	1
Kroṣṭhu	1
Vṛṣṇis<sup>15</sup>	1
Vibhūti	1
dvādaśi-	1
Brahmadatta<sup>20</sup>	1
Satrājit<sup>24</sup>	1
Ādisarga	1
Pratisarga<sup>25</sup>	1
Tripuram<sup>27</sup>	1
Grasanas	1
Garuḍa<sup>30</sup>	1
Janār-	1
Bhārgaveśa<sup>32</sup>	1
Manu<sup>35</sup>	1
Yodhanīpuram	1
Viṣnus	1
Bhagavatpadī	1
Śambhalagrāma	1
Pāṇḍaveśam	1
cakratīrtham<sup>2</sup>	1
tulāpuruṣa	1
Viṣṇulokam<sup>3</sup>	1
Viṣṇuvṛddha	1
Udaksvana<sup>2</sup>	1
Viṣūcī	1
dhusūdana	1
Yugadatta	1
Gaveṣṭhi	1
Yogasūnu	1
Lute<sup>1</sup>	1
Umeśa	1
vīṇās<sup>3</sup>	1
Pātālam<sup>4</sup>	1
abhiṣeka<sup>5</sup>	1
Dṛṣṭaketu	1
Rājā-	1
Virāka-	1
Cākṣuṣa-<sup>1</sup>	1
Cakṣus<sup>2</sup>	1
Vīrabhadras	1
Yajña<sup>1</sup>	1
Aṅgā-	1
Vīrahotra	1
Vīṇā	1
Miśrakeśī	1
Saumi	1
Sṛṣti-	1
Nāganajit	1
Avagāha	1
Succhāyā-	1
Bhīmasena<sup>1</sup>	1
Pṛthā<sup>2</sup>	1
Marut<sup>3</sup>	1
Palāśapātra	1
kalpavṛkṣās	1
pālāśa	1
Pādapodyāpana	1
Kroṣṭu	1
Hālāphala	1
Kṛtayuga<sup>3</sup>	1
Bakas	1
Śruta-	1
devā	1
Āyu<sup>2</sup>	1
tājit	1
Nāndi	1
śabda<sup>1</sup>	1
Godharma	1
Dīrghatamas<sup>2</sup>	1
Śrāddha<sup>3</sup>	1
Śrāddhāda	1
Yajnahā	1
Brahmahā	1
Paśuhā	1
Jātavedaśilā	1
Vṛṣadarbha	1
Sudarī	1
Candrā	1
Virūpas	1
Punya-	1
Puspavān-	1
Vṛṣavāhana<sup>1</sup>	1
Rudras<sup>3</sup>	1
Śūdra<sup>1</sup>	1
Pankti	1
Maruṇḍas-	1
Mlecchas<sup>2</sup>	1
Vārṣṭaka	1
Kaviratha	1
Madhus	1
Yujājit<sup>1</sup>	1
Kṛoṣṭhu	1
Satvata	1
Sumītra	1
Vṛṣṇi<sup>3</sup>	1
Śucidrava	1
Śuciratha-	1
Ṛiṣtā	1
Variṣṭa	1
Amṛta<sup>1</sup>	1
abhiṣeka<sup>2</sup>	1
Pātālam<sup>3</sup>	1
Veṇumat	1
Veṇu-	1
Betālas	1
Lomeśa	1
Akṣaras	1
Śākhās	1
Uṣṇik	1
Upavedas	1
Twenty-eight	1
Vedavits	1
Śauklāyani	1
Duhkham	1
Suranārī	1
Vedacintaka<sup>1</sup>	1
Vedāngas	1
vyāsas	1
dvāparas	1
Uśanā	1
Traiyāruṇi	1
Dhanañjaya	1
Ṛjīṣa	1
Vājaśrava	1
Arvāk	1
Somamukhyā-	1
Tataja	1
Dvāparadroṇi	1
Jātūkarṇi	1
Yugas<sup>2</sup>	1
Parameśvara	1
Vedaśīrṣa	1
Mūrdhani	1
Dhūmrapatni-	1
Ṛsyavān-	1
Vedānta	1
Gṛhasthas	1
Vedāntadarśanam	1
Veditalam	1
Vedavyāsa<sup>1</sup>	1
Pṛthu<sup>4</sup>	1
Mlecchas<sup>5</sup>	1
sthāpana	1
niṣīda	1
niṣāda-	1
Savarṇā<sup>1</sup>	1
Dhanur	1
Nadhi	1
Marīca-Kaśyapa	1
Garuḍa<sup>2</sup>	1
Naiśreyasa	1
yoganidrā	1
kuṇṭhā	1
Svāyambhuva<sup>2</sup>	1
Tiryak	1
Anugraha	1
Balavala<sup>2</sup>	1
Harī<sup>3</sup>	1
Āpa-	1
Vaitaraṇam	1
Bhūtinanda	1
Vidiśā	1
Sunādevī	1
Ghṛṇi	1
aṣṭāṅga<sup>1</sup>	1
Aroga	1
Prahatis	1
Langākṣī	1
Caturthi	1
Purohita<sup>2</sup>	1
Viśvācī<sup>2</sup>	1
Bhrājiṣṇu<sup>1</sup>	1
sphātika<sup>2</sup>	1
Visvedevas	1
Rathākāra	1
Sudhāman<sup>1</sup>	1
Prācidik	1
Prasūtī<sup>3</sup>	1
Nadvalā	1
vīrapuruṣa	1
Samtānakas	1
lokān	1
sanātanān	1
sānkhya	1
ābhūtasamplava	1
Yogadharma	1
ānanda	1
bhāvas	1
buddhāvasthā	1
Kaśyapa<sup>4</sup>	1
Rud-	1
rās	1
Mahendravana	1
Ilā<sup>2</sup>	1
Nigada	1
Ca-	1
rakādhvaryus	1
Paurāṇika<sup>1</sup>	1
vidyā<sup>3</sup>	1
Lubdhaka	1
Tṛtīya	1
Yugādi	1
Dvāparayuga	1
Pṛthu<sup>7</sup>	1
State<sup>10</sup>	1
Davavarṇinī	1
Kālanemi<sup>3</sup>	1
Kuśarīram	1
Vaivarta	1
Nidhi	1
kā	1
Somapānam	1
Dakṣiṇasthānam	1
vīthis	1
Pūrvottarāṣāḍhas	1
viṣuvam	1
Tulām	1
Meṣa<sup>2</sup>	1
Angāri	1
āṣāḍha	1
darśanas<sup>1</sup>	1
mātṛs	1
Parabrahmam	1
Pratyāhara<sup>2</sup>	1
pratyā-	1
Vyatīpāta	1
Vaṣaṭkriyākāla<sup>1</sup>	1
Vapu	1
samaṣṭi	1
Pāṇinis	1
Nirā-	1
Ūrddhvadṛṣṭi	1
vānarajāti	1
Pannaga	1
viṣa	1
cūṭas	1
amśāvatāra	1
Dvai-	1
Vāsavī	1
Itihāsa-Purāṇas	1
Strīśūdra-dvijabandhus	1
Śamyā-	1
prāsa	1
Kriyāyoga	1
dvāpara<sup>7</sup>	1
Dṛṣadvati<sup>1</sup>	1
Dīpeśvara	1
riṇī	1
Vyūha	1
Vāgiśī	1
Mlecchahood<sup>3</sup>	1
Gardabins	1
Asura<sup>1</sup>	1
Ekā	1
Karambhi	1
Karambha	1
Uttarāpathadeśa	1
Sutadvāja	1
Duṣ-	1
Śaktri-	1
Adṛ-	1
śyanti<sup>1</sup>	1
Brahmakṣetra<sup>3</sup>	1
Naimiṣa<sup>4</sup>	1
Tripurā<sup>2</sup>	1
puruṣātmaka	1
mūla-prakṛti	1
Māhiṣas	1
Śatakratu	1
Upendra<sup>1</sup>	1
Indrahood<sup>2</sup>	1
Vaśankasāra<sup>3</sup>	1
kāmaya<sup>4</sup>	1
Vratapati	1
Apasvān<sup>2</sup>	1
Śakrapūja	1
Kaśyapagotra	1
Umāpati	1
Sūlapāṇi	1
Vṛṣabhadhvaja	1
Jṛmbāstra	1
Śaṃ-	1
Andhakas<sup>5</sup>	1
mātṛgaṇa<sup>6</sup>	1
Dhvani	1
nāga<sup>2</sup>	1
pāṭalā	1
ṣeka<sup>2</sup>	1
Tām-	1
raparṇī	1
Vyuṣi-	1
Śankhanāgā	1
Śankhamukha	1
Puraṭṭāśi<sup>3</sup>	1
Śankhadvīpa	1
Śukragraham<sup>2</sup>	1
ḍavas<sup>1</sup>	1
Brahmadhāmā	1
Sahasraji-	1
Mahāhaya	1
Veṇuhaya	1
Prabhāsā<sup>2</sup>	1
Viṣvagjyoti	1
Upavātyaka	1
Nāḍvalā	1
Barhiṣat	1
Śatadru	1
Devavarman	1
Hṛdīka<sup>1</sup>	1
Hṛdīka<sup>2</sup>	1
bhāgyaśayanam<sup>3</sup>	1
Devavarma	1
Dāśārṇas	1
Śāraṇa	1
Madana<sup>4</sup>	1
Śiva<sup>6</sup>	1
Uttānapāda<sup>2</sup>	1
vinī<sup>3</sup>	1
Śāntasena	1
vān-	1
Aśvame-	1
Brahmans<sup>4</sup>	1
nirvāṇa<sup>5</sup>	1
Durda-	1
Vasudāma	1
Sūrasena-	1
Rākṣa-	1
Anala<sup>1</sup>	1
rājasūya<sup>4</sup>	1
Mārtāṇḍa-<sup>2</sup>	1
svarāṭ	1
Tripurārī<sup>9</sup>	1
Devāpī	1
bhiṣak	1
Śamtanu	1
Devavrata	1
Samudra<sup>1</sup>	1
Parabrah-	1
Dharmasūtra	1
Dyumat-	1
Vāmana<sup>2</sup>	1
mahāmāyā	1
Śabara-	1
Śambala-	1
Kalki-Viṣṇu	1
Rājāja	1
Āha-	1
vanīya	1
Savya	1
Apasavya	1
Dhiṣṇis	1
Mandāravāṭikā	1
Iṣaśrī	1
Ūrjaśrī	1
Śuradvat	1
Tridhāmā	1
Triviṣṭha<sup>2</sup>	1
Śatānanda<sup>2</sup>	1
Udathya	1
Gautamagotra	1
Duṣkṛta	1
Saurasūk-	1
purāṇam	1
Vārṣaparvaṇi-	1
Druhya	1
Pūru<sup>2</sup>	1
Angiraś	1
Śukanyā	1
aṭṭahāsa<sup>4</sup>	1
Kṛṣṇalohita<sup>5</sup>	1
Angāraka<sup>6</sup>	1
Durvākṣī	1
Jāmbhavān	1
Bin-	1
dumatī	1
Yama<sup>2</sup>	1
mahāratnas	1
Pṛthuśrava	1
Pṛthukarma	1
Kṣīroda-	1
śāka	1
Prāṇāyāma<sup>1</sup>	1
Bhavya-	1
Vangas	1
Magadhas	1
Mānasas	1
Mandagas	1
Sūrya<sup>4</sup>	1
Vātsya	1
Śālīya	1
Gokhalya	1
Sīsira	1
Golka	1
Khāliya	1
Śośareya-<sup>1</sup>	1
Śākapravartaka	1
Sanjaya	1
Cākṣuṣa-	1
Śāṇḍili	1
Bhāta	1
Sundara	1
Pūrṇotsanga	1
Samjana	1
Sāligrāma	1
Pūrṇotsaṅga	1
Pūrṇot-	1
saṅga	1
Ahimān	1
Śāntabhahaya	1
Dhamasārathi	1
Śatasena	1
Citraratha-Romapāda	1
Rṣyaśṛṇga	1
Daśaratha-Lomapāda	1
Athar-	1
Viruddhas<sup>1</sup>	1
Viśvaśṛj	1
Purāṇas<sup>2</sup>	1
harṣaṇa<sup>4</sup>	1
Tumbu	1
Meghakara	1
Puṇyajana	1
Pārthavi	1
Ajaikapas	1
śāleyataṇḍula	1
Sangayuta	1
Samhitās<sup>2</sup>	1
Śrīli	1
Yajñabāhu	1
Haritam	1
Vaidyutam	1
Mānasam	1
Jimūtam	1
Rohitam	1
Suprabham	1
Śobhanam	1
Pīta	1
Śāvastī	1
Sāvasti	1
Cāndra-Yuvanāśva	1
Mahimān	1
Śikhaṇḍī-	1
Antar-	1
Antardhana-	1
Antarddhi-	1
Śikhaṇḍī	1
Rājaṛṣī	1
Ṣainyas	1
Kṣatropetadvijās	1
Yujājit	1
Samika	1
Śinivāsa-	1
Ṛṣyavan	1
Vṛṣādarbha	1
Sauvīra<sup>1</sup>	1
Sarvarī	1
Ṣailoda	1
Crafts<sup>1</sup>	1
Puṣkaradvīpam<sup>2</sup>	1
paṅkti	1
Piśācaś	1
Giritra	1
kaṛṣaṇa	1
Upendra<sup>6</sup>	1
hālāhala	1
Vidyadhara	1
Dhanuryāga	1
Him<sup>12</sup>	1
Brahman<sup>15</sup>	1
Devakī<sup>17</sup>	1
Him<sup>19</sup>	1
Nilakaṇṭha	1
Pināka	1
Vināyakas	1
Vidhyā-	1
Jyotirliṅga	1
māheśva-	1
mahāyogam<sup>21</sup>	1
liṅgam	1
Bhasma	1
Lord<sup>22</sup>	1
pāśupata	1
Devas<sup>24</sup>	1
sāstra	1
Kalpa<sup>25</sup>	1
Śakti<sup>27</sup>	1
Dakṣa<sup>28</sup>	1
Oṣadhiprastha	1
Saravana	1
Atri<sup>32</sup>	1
Vāsudeva<sup>34</sup>	1
Śivananda	1
Maheśvaravratam	1
Mṛgi	1
Aṇḍa	1
sphaṭika	1
toraṇas	1
Trayambakas	1
Jalapriyā<sup>1</sup>	1
Śivamandiram	1
Gaurīlokam	1
Dhruvalokam	1
Pāśupatas	1
Pārijatā	1
Aṣṭamūrtis<sup>1</sup>	1
Purāṇam<sup>2</sup>	1
Kṛṣṇāṣ-	1
ṭami<sup>3</sup>	1
Ṛṣitīrtham<sup>4</sup>	1
Sāntakarṇi	1
Śivaskanda	1
Puloman	1
Manmathas	1
Asura<sup>5</sup>	1
Karuṇābhyudaya<sup>6</sup>	1
Kālakūṭa<sup>7</sup>	1
Anavama	1
Gomati-	1
Khaśā-	1
Śai-	1
Śivakuṇḍa	1
Tridivā	1
Pūrikā	1
Śiśiram	1
kṣatriya	1
Ariṣṭisena	1
Śuśarmā	1
Bhūmiputra	1
Vamśaka	1
Kāśeyas	1
Kalingas	1
Kṣatrabandhus	1
Ekalingas	1
Vītihotras<sup>2</sup>	1
Śiśunābha	1
Varṇadharma	1
mokṣa<sup>6</sup>	1
Bhrami	1
Tārāmaya	1
Uttā-	1
napāda	1
Śanta	1
Prac-	1
Vārtā	1
Daṇḍanīti	1
Ijyā	1
ṇāśrama	1
Purīkā	1
Agnivarṇa	1
Rājarāṭ	1
Sinī	1
Kūhū	1
rājendra	1
ārogya	1
Śivapada	1
mahāpadma	1
Araṇī	1
Kurujāngalas	1
Devala<sup>4</sup>	1
mādhvaryu	1
yogā-	1
cāryas	1
Gama	1
Bhūriśruta<sup>6</sup>	1
Śuki<sup>1</sup>	1
Tamra	1
Pṛṣṭa	1
Triśankunetra	1
Surasa	1
Jayantī<sup>1</sup>	1
Devayāṇī	1
Bṛhaspati<sup>5</sup>	1
Sthānu	1
Tiṣyanakṣatra	1
Somapas	1
Marka<sup>6</sup>	1
Āśrama	1
Angārakavrata	1
Viṛocana<sup>10</sup>	1
Nīti	1
Śiva<sup>11</sup>	1
Rasātalam<sup>12</sup>	1
Bṛhaspati<sup>14</sup>	1
Ṛṣi<sup>16</sup>	1
Mantrakṛt<sup>17</sup>	1
viśvaśrava	1
sāmaga<sup>5</sup>	1
Mītra	1
Gauṭ	1
Daityas<sup>1</sup>	1
Jala	1
nāḍīs	1
Pruṣyamitra	1
Vasujyeṣṭha	1
Devabhūmi	1
Śaura	1
Haryavāhana	1
Śatadyumna	1
Urjā-	1
Cakravāha	1
nirañjana	1
Citparā	1
Marudeśa	1
ṣaḍja	1
Kapālamocana	1
Rāhula-	1
Śau-	1
Satyavati	1
Śuna	1
Vaidhya	1
Sura-	1
sundarī	1
devamaṇi	1
phalaśukti	1
śvetaśukti	1
puṣpagaṇḍika	1
śukti	1
gaḍura	1
Āśva-	1
Citrayodhi	1
bhusuṇḍi	1
Durgā<sup>3</sup>	1
Ganeṣṭhi	1
Satyā<sup>1</sup>	1
mātṛ	1
Varṇa<sup>1</sup>	1
Yudhiṣṭira<sup>4</sup>	1
Kali<sup>6</sup>	1
paricāra	1
Rohiṇicandra	1
śayanam	1
sthānam<sup>2</sup>	1
hāpadma<sup>4</sup>	1
Gḥṛtācī	1
Mahārṇava	1
akṣauhinis	1
Vasudeva<sup>2</sup>	1
Devamīdha	1
vrātyas	1
Kārtavīryārjunas	1
mahāratha<sup>2</sup>	1
Paraśurāma<sup>4</sup>	1
Aśmaki	1
Devagarbha-	1
Mahiṣā	1
Mārīṣā-	1
Vīgneśvara	1
Asmakī	1
Māthuras	1
madhyadeśa<sup>2</sup>	1
Pañca-	1
Śūlabhṛt	1
Daṇḍa<sup>2</sup>	1
Śūlapāṇi	1
Bāṇa<sup>1</sup>	1
Gomati<sup>5</sup>	1
Rājasūya<sup>6</sup>	1
Naimiṣa<sup>2</sup>	1
Bheda<sup>1</sup>	1
Bāhyaka<sup>2</sup>	1
Tripurāri<sup>5</sup>	1
kaśipu<sup>7</sup>	1
Pātalam<sup>2</sup>	1
Śaineyas	1
Kṣetropetadvijas	1
Śaibyā-	1
Samgrāmajit	1
Suvīras	1
Jyotiṣka	1
Gajāśilā	1
Śailodam	1
Silodā	1
Sīmantasīma	1
Anirud-	1
Geya	1
Saulkāyani-	1
Yuṣi-	1
Dvyāmuṣyāyana	1
śauca	1
aśauca	1
ācamanam	1
Āraṇyam	1
Grāmyam	1
avamāna	1
Śālina	1
Babhra	1
Saindhavā-	1
Kṣatropetadvija	1
madhyamādhvaryu<sup>5</sup>	1
śampāyana	1
ātma-	1
jñāna<sup>7</sup>	1
Phālamañjira	1
Śamika	1
Udīcyas	1
mantrakāra	1
Syenī<sup>1</sup>	1
Gautamān	1
sārasa	1
pāti	1
Sinīvālī	1
Śubha	1
Gaveṣavān	1
Śāntideva	1
Anādhṛṣṭhi	1
Ravi<sup>2</sup>	1
Santānaka	1
snātaka	1
yogaiśvarya	1
mokṣa-	1
srāddhas	1
Kāraskara	1
Kaliṅga	1
Grahasta	1
Vālakhilya	1
kamaṇḍalu	1
Śaśabindu<sup>10</sup>	1
chāgala	1
Niyamas	1
Rakṣasas	1
Kṛṣṇapakṣa<sup>11</sup>	1
Niṣādajara	1
Vivasvata	1
Gaveṣuṇa	1
Ekalavya	1
Ganeṣa	1
Brahmadaśva	1
Uttarakośala	1
Gauḍa-	1
Śrāvasta<sup>2</sup>	1
Iṣuvatam	1
śringa<sup>1</sup>	1
Śringavān	1
Khāyāti	1
Bhagavān<sup>1</sup>	1
Vidhātā	1
utsāha	1
Lakṣmī<sup>4</sup>	1
Śrīdevī	1
Suparvaṇa	1
Potrinī	1
Kiricakra-	1
Vajraghoṣa<sup>1</sup>	1
Kuṭalākṣa	1
Hariṇākāiḍana	1
mahādānas	1
Śrīnagara	1
Ṣoḍaśakṣetra	1
Kāmeśvarīpurī	1
Bhayamalīpuri	1
Nityaklinnapuri	1
Viśvasrk	1
Pauṇḍarīka	1
Śrīsaras	1
Cītrakūṭa	1
Śrāddha<sup>1</sup><sup>2</sup>	1
Padmaka	1
Paurṇa-	1
māsa	1
Lalitāpīṭha<sup>2</sup>	1
Bhagiratha	1
Nābhaga	1
Subhāṣaṇa	1
Suvarca	1
Sura<sup>1</sup>	1
Bhojā-	1
Santardanā-	1
viramātā<sup>2</sup>	1
Vṛddhaśaman	1
kārūśa	1
Satyāyu	1
Somāpī<sup>1</sup>	1
Ayutāyu<sup>3</sup>	1
Mārjāri	1
Ayu-	1
tāyu	1
Bhojā<sup>1</sup>	1
Vīramātā<sup>3</sup>	1
Somavit	1
Supār-	1
śvaka	1
Bhānuścandra	1
Dravyastotram	1
Guṇastotram	1
Karmastotram	1
Abhi-	1
Brahmastotram	1
Śankhapadā	1
Śrutigītā	1
śrauta<sup>2</sup>	1
Arājaka<sup>3</sup>	1
ṛṣis<sup>4</sup>	1
ṇāśrama<sup>2</sup>	1
śvāda	1
Satyavrata-Triśanku	1
Vratins	1
cārins	1
Brahmacāris	1
Śvapaca	1
Śvapākas	1
Vṛjinivata	1
Ruśaku	1
Puraṭṭāśi<sup>2</sup>	1
Śvetadeśa	1
kāmaya	1
Chagala	1
Kalañjara	1
Jambūdvipa	1
Dharmavṛtā	1
Sad-	1
yojāta	1
Hiraṇvān<sup>2</sup>	1
śvetas	1
Sunanda	1
Deveśa	1
Vānaras<sup>1</sup>	1
Diggajas<sup>2</sup>	1
Ṣaḍjanas	1
Śaivam	1
Vaiṣṇavam	1
Śāktam	1
Ārhatam	1
pīṭha	1
Dinamiśrā	1
mahākāla	1
Asaman-	1
Vrātyas<sup>1</sup>	1
Śurasenas	1
śabdha	1
Aṣṭamaṇḍal-	1
ādhipati	1
Vī	1
upadvīpas	1
Kakubha	1
vamśavīras<sup>2</sup>	1
Balabhadra<sup>1</sup>	1
Roḥiṇī	1
Dhenuka<sup>3</sup>	1
Pralamba<sup>4</sup>	1
Sanatkumāra<sup>5</sup>	1
Saṃkalpā	1
Diggaja<sup>1</sup>	1
Nagara-	1
Guruprīti-	1
kṣatro-	1
Kṣatradharma-	1
Gauravītis	1
Suyaśas	1
State<sup>2</sup>	1
Gāvalgaṇa	1
Ūrjavāha	1
Mena<sup>2</sup>	1
Bhava<sup>4</sup>	1
Atharvan-	1
Mahāyaśa	1
nīrāloka	1
Tapoloka<sup>1</sup>	1
Amītābha	1
Tāmasa<sup>2</sup>	1
Yuyu-	1
Sātyaki<sup>1</sup>	1
Kambala-	1
Satyaki<sup>3</sup>	1
Atiratha	1
Vibhu-	1
Sunithata	1
śiśira	1
Kṛtimat	1
Dhṛḍhanemī	1
Śaradvān<sup>1</sup>	1
Puṇya	1
Bhangakāra-	1
Bhaumarikā	1
Hāstinapuram	1
Kalyāṇini	1
Satyav-	1
Samaratha	1
Satya<sup>1</sup>	1
Adrikā	1
Rūka	1
Śunakśepa	1
Śunahpuccha<sup>1</sup>	1
yāga<sup>2</sup>	1
Citrāngada<sup>1</sup>	1
Kṛṣṇadvai-	1
Vici-	1
travīrya<sup>2</sup>	1
Satyavat-	1
mahātmā<sup>2</sup>	1
Trayyāmuṇa-	1
Śvāpakas	1
vratā	1
Māṇḍūki	1
Mar-	1
kaṇḍeya-	1
Satyahitā	1
Yajñiyas	1
Hṛdīka-	1
Bṛhan-	1
manā	1
Satrājit-	1
Nighna-	1
Bhaṅgakāra<sup>2</sup>	1
Bhajamāna<sup>2</sup>	1
Cakrapāṇi	1
Devagandarva	1
Rājasūya<sup>1</sup>	1
Tārakāmaya<sup>2</sup>	1
Kutsas	1
Gokarṇam	1
ratāgni	1
Rājasūya<sup>4</sup>	1
jñānam<sup>5</sup>	1
Aditi<sup>1</sup>	1
Nandikeśvara	1
Kumāra<sup>4</sup>	1
śrāddha<sup>7</sup>	1
Āyu<sup>1</sup>	1
Tapolokam<sup>2</sup>	1
Kurukṣetra<sup>4</sup>	1
Ūrdhva-	1
Ūrjavaha	1
ṛṣi<sup>3</sup>	1
anukrośa	1
Vālakhilyas<sup>2</sup>	1
Dhrṣṭaketu	1
Śrutakīrtī	1
Virājas	1
mahāprāñjña	1
Aṇḍira	1
Prasuśruta	1
Amar-	1
Vyuṣṭi	1
Mandeha	1
Mandehas	1
Brahmavādinī<sup>1</sup>	1
Marīci-	1
Samtati<sup>1</sup>	1
Kṛtia	1
pārvaṇa	1
nāndiśrāddha	1
sapiṇḍīkaraṇa	1
Nanda<sup>1</sup>	1
Kuṇḍam	1
Ekārṇava<sup>4</sup>	1
Brahmakṣetra<sup>5</sup>	1
Ūrdhvaretasas	1
Śanaiścara<sup>3</sup>	1
śrautadharma	1
Tretāyugam<sup>6</sup>	1
Kritavīrya	1
pratimā	1
Hrīmkāra	1
Pras-	1
tāva	1
Pratihotra	1
Upadravam	1
nidhānam	1
Niśādhipa	1
svāmi	1
kośa	1
Purāṇas<sup>3</sup>	1
Tripuram<sup>4</sup>	1
Kin-	1
Kālanara	1
jyotiṣṭoma	1
Devarakṣita	1
Purīṣyas	1
Kampilya	1
Kāmpilya	1
āryam	1
Aṣṭaka<sup>1</sup>	1
Kalkaleya	1
Bhūrloka	1
lavaṇa	1
Viśvasya	1
Viśvavyaca-	1
Raṇamjaya-	1
Buhugavī	1
Kūti	1
Tvaṣṭra-	1
Vivasvat-	1
Yamī	1
Śanaiś-	1
Chāyās	1
Utta-	1
Puṣpakavimāna	1
Prasaha	1
Sampatkarī	1
Sighraga	1
Bahuvidha	1
dig-nāgas	1
Sarva	1
samhāra	1
Ṭrasadasyu	1
Anaraya	1
Vasuda	1
Dhūmrākṣasa	1
Devaja	1
Sāndīpani<sup>2</sup>	1
Brāhmaṇa<sup>3</sup>	1
Bahugaṇa	1
Bahugata-	1
Ahamyātī	1
Nahuṣa<sup>1</sup>	1
Brahmāhood<sup>2</sup>	1
ratavarṣa<sup>1</sup>	1
Hariscandra	1
Kārtavīrya<sup>3</sup>	1
Kṛśānu	1
Darūvana	1
dīvyasamvatsara	1
Dhruvasamvatsara	1
Pitṛsamvatsara	1
Saptaṛṣisamvatsara<sup>3</sup>	1
Prāmśus	1
Svarūpa	1
Benares<sup>2</sup>	1
Maruttacakravarti	1
Vaḍavāmukha<sup>1</sup>	1
Manyu-	1
pakṣi	1
sarīsṛpu	1
sātvikam	1
rājasam	1
viṣṭambhaka	1
Kratusthali	1
ātmaguṇas	1
Akṣa-	1
yāśva<sup>2</sup>	1
Nivātakavacās	1
Sārama	1
Himālayas<sup>2</sup>	1
Havyavāhana<sup>4</sup>	1
Brahmapāda	1
Vaibhrājyam<sup>6</sup>	1
rāri<sup>7</sup>	1
Vīṇa	1
Learning<sup>3</sup>	1
Gāyatrā<sup>5</sup>	1
akṣaras	1
Gaulī<sup>6</sup>	1
vīra<sup>9</sup>	1
Brahmanadī	1
Ambikāvana<sup>4</sup>	1
Trīta	1
Badarī<sup>9</sup>	1
rāma<sup>11</sup>	1
Kali<sup>12</sup>	1
Defined<sup>13</sup>	1
Kurukṣetra<sup>17</sup>	1
Atri<sup>18</sup>	1
Devamāta<sup>19</sup>	1
Tripurāri<sup>20</sup>	1
Agnikṣetra	1
Aṇḍīra	1
śabdatanmātṛkam	1
aviśeṣas	1
prākṛta	1
devās	1
Vaikṛtas	1
Prākṛta	1
ūrdhvasrotas	1
mānuṣa	1
arvāksrotasa	1
sātvīka	1
Pannagas	1
Takṣaka<sup>1</sup>	1
sarīsṛpās<sup>2</sup>	1
māya	1
Dhanuṣa	1
Sarvavit	1
Sarvātma	1
Cākraratha	1
Citraśālā	1
Catusśālā	1
Sarvajñadyantara	1
Binducākra	1
Sauras	1
Vaiṣṇavas	1
Bhāgavatas	1
Viśinyāntaram	1
Sarvajñadyantaram	1
Candravijña	1
Puṣkara-	1
Pākayajñas	1
Tṛṣṭub	1
Jagatī<sup>1</sup>	1
Yamunā<sup>3</sup>	1
vāhanas<sup>4</sup>	1
Pṛṣṇi	1
Agnisamsya	1
Maṇivartana	1
Tamil-Mārgali<sup>1</sup>	1
Amśu<sup>2</sup>	1
Śukra<sup>2</sup>	1
Divārkara	1
Somāpia	1
Mārjāspi<sup>1</sup>	1
Somāpi	1
Somādhi-	1
Śrutaśravas<sup>3</sup>	1
Havyavana	1
Hīna	1
Mādravatī-	1
Śrutakarman	1
Vijayā<sup>1</sup>	1
Sṛñjayas<sup>3</sup>	1
Aśvatthāman<sup>4</sup>	1
Havyaśva	1
Tāmarā	1
Haryadvata	1
Supratīta	1
Bhayāsakha	1
Pākayajnas	1
Sahasrajiḥ-	1
garuḍa	1
Sahasrastuti-	1
Vaḍavāmukha-<sup>2</sup>	1
Utpalākṣī<sup>1</sup>	1
Upavāhyakā	1
Visrutavān	1
Marṣa<sup>1</sup>	1
Viśvabhava<sup>2</sup>	1
Mahānandī	1
Pratīhāra	1
dūta	1
rakṣiṇs	1
nārī	1
sāṅdhivigrahika	1
desarakṣita	1
sūdādyakṣa	1
Lekhaka	1
dauvārika	1
dhanādhyakṣa	1
gajādhyakṣa	1
aśvādhyakṣa	1
durgādhyakṣa	1
astrācārya	1
Purādhyakṣa	1
āyūdhāgārādhyakṣa	1
upadhās	1
cārās	1
Kṣamā-	1
Rudravaṭa	1
Sahyādri	1
Bhārta-	1
Ekavīra	1
ātreyagotrakāra	1
piṇḍadāna	1
kṣetrams	1
Prācinabarhis<sup>3</sup>	1
Kuśadhvaja<sup>1</sup>	1
Kṣeropeta	1
Bhaktiyoga<sup>2</sup>	1
Naranārāyaṇa<sup>4</sup>	1
Vairājasas<sup>5</sup>	1
Satyaka<sup>1</sup>	1
Sālvas	1
Pauṇḍraka<sup>6</sup>	1
Prabhāsa<sup>7</sup>	1
Hiraṇyas-	1
Bhaji	1
Bhāga-	1
Sātvata<sup>5</sup>	1
sātvata	1
Pāñcarātra	1
sāmpradāya	1
Sātvati	1
sātvatatantra	1
Sadasadātmaka	1
sādhugra-	1
Arthasiddhi<sup>1</sup>	1
Cākṣuṣa<sup>1</sup>	1
Harayas	1
Chāndajas	1
Anumanta	1
Vīryavān	1
Vīti	1
Jārā	1
Garbha<sup>4</sup><sup>5</sup>	1
Sāndīpana	1
Kurukṣetra<sup>1</sup>	1
ṣāḍ-	1
guṇya	1
Yāñavalkya	1
nīti	1
uppradāna-	1
pāta-	1
Prācya	1
Kārtā<sup>1</sup>	1
Sāmaghoṣa<sup>2</sup>	1
Jaimini<sup>1</sup>	1
Vyāsas	1
Viśvāvasus	1
Jai-	1
Sutavāna	1
Kausalya	1
Tripurāri<sup>7</sup>	1
sāmantas<sup>2</sup>	1
Kauravas<sup>5</sup>	1
Bhīmadvādaśi<sup>1</sup>	1
Pūrvasamhitā	1
Sāvarṇi-	1
Prācīnabarhi-	1
Prācīnabarhiṣas	1
Guha<sup>1</sup>	1
Śālva<sup>4</sup>	1
bhāsa<sup>6</sup>	1
Gaṇḍūṣa	1
vamśavīras<sup>8</sup>	1
Kaśyā	1
Pañcavīras	1
Dālbhya	1
bhāsa<sup>11</sup>	1
Tarasvin	1
Sārṣṭhi	1
Saramās	1
Śuci<sup>2</sup>	1
Dadhici	1
Ṛṣabha<sup>2</sup>	1
Tridhāman<sup>3</sup>	1
Dadhicī	1
Agnidhārā	1
Saṇḍamarka	1
Vidyādharapura	1
Devaguhya	1
Purandara	1
Jayatsena-	1
Sudhavarma	1
Kapiśīrṣaka	1
aiś-	1
Varīyan	1
Meru<sup>3</sup>	1
Savarṇis	1
Kingdom<sup>4</sup>	1
Mārtaṇḍa	1
Chāyā<sup>1</sup>	1
Sūki	1
Kārbūra	1
Uttara-	1
Savitrī	1
Brahmans<sup>2</sup>	1
Brahmāṇī<sup>2</sup>	1
Gayā-	1
madhyānha	1
Jambūdvīpa<sup>6</sup>	1
Yogeśvaras	1
Kāyārohaṇam<sup>2</sup>	1
Sarvarohahara	1
Suddhodana	1
śarīrimahat<sup>2</sup>	1
pratibhā	1
brahmāvarta<sup>3</sup>	1
Aṇimā	1
Mahimā	1
Laghimā	1
Prākāśya	1
Īśitva	1
Vaśita	1
Laghuśyāma	1
Darśa	1
Prathama	1
Anuhrada	1
Darada	1
Kāśmīra	1
Nābha	1
Jām-	1
bavān	1
meghanāda	1
Cāṇūra<sup>3</sup>	1
Upadvīpa	1
Gayāśrāddham	1
Sabhā<sup>2</sup>	1
Asura<sup>4</sup>	1
Kṛtaśauca<sup>2</sup>	1
Kesara	1
Ocean<sup>1</sup>	1
Sitānta	1
Mukuñja	1
Sumañjasa	1
Maṇiparvatam	1
Ṛṣabham	1
Citrakūṭa	1
Janaka<sup>1</sup>	1
Pādukā<sup>4</sup>	1
Vālmīkis	1
Bhānumat-	1
Sayāti	1
Devayanī	1
Sunvāna	1
Āvantya	1
prāyopavesa	1
Pauṣyañji<sup>2</sup>	1
Hiraṇya	1
Yakṣarāja	1
Kumuñja	1
Tricakṣu-	1
Nṛpa-	1
cakṣu-	1
Pāriplava	1
Sukhodayam	1
Sukhānu	1
Plakṣa<sup>1</sup>	1
Kaumāram<sup>2</sup>	1
Sugandhi	1
Punḍṛa	1
Mādhava-	1
Rumā	1
Puṣkarākṣa	1
Vicitraratha	1
Vṛṣṇimat	1
Śiṣṭi-	1
Agnimitra	1
Ūrjā<sup>1</sup>	1
Paulapa	1
Pariṣṇava	1
Mahājambha	1
Gṛtsamada	1
Edṇ	1
Wilson-sister	1
Sūtrāmaṇa-	1
Sutrāmaṇas	1
Prayājya	1
Kāmbhojas	1
cakravākas	1
Cakra<sup>1</sup>	1
Śatadhanvā<sup>2</sup>	1
Kāśī<sup>5</sup>	1
Oghavatī	1
Dhurvasandhi	1
Caidyavara	1
Dirghatamas	1
Nurse-	1
Kakṣīvān	1
Bahugava	1
Bahugata	1
Kiratāśva-	1
Vinata-	1
Kāraka	1
Dhiṣṇu	1
Ṛṣa-	1
Jatu	1
Vairaja	1
Madirāsindhu	1
Amṛtavāpikā	1
Rājyavardhana	1
Rāṣṭravardhana	1
Manudeva	1
Sāraṇā	1
Paripluta-	1
Ṛtu-	1
Devasūta	1
Kaśa	1
Śvetodara	1
Suketu-	1
Nṛpacakṣu-	1
Saunati	1
Nāgnajitijit	1
Mṛtyau	1
Nisunda-	1
Tāḍakā<sup>1</sup>	1
Cakra-Guptatara<sup>2</sup>	1
Nāgadhīpa	1
Aruṇa<sup>2</sup>	1
Ami-	1
Ṛtusāvarṇi	1
Kadamba	1
Ilāvṛta<sup>1</sup>	1
Nārāyaṇī<sup>3</sup>	1
Dhṛtaḍhanemi	1
Rukmaratha	1
Kāśma	1
Saimihikeya	1
Pratikāśva	1
Pratitāśva-	1
Bhagadatta	1
Vāhlika	1
Vairūpya<sup>1</sup>	1
hārī	1
Citti<sup>2</sup>	1
Pratītāśva	1
Pratipāśva	1
tāśva-	1
Ojasvi	1
Dṛḍasena	1
Sunīta	1
Brahmadatta<sup>1</sup>	1
Śatrughna<sup>1</sup>	1
Pratībāhu	1
Śānta-	1
Śoṇita-	1
Risṭa	1
Sangrāmajit	1
Abhimaṇyu	1
Vidura<sup>4</sup>	1
Śoṇasamgama	1
Pākhaṇḍas	1
Tejasa<sup>2</sup>	1
Dhṛḍasena	1
Garuḍa-<sup>1</sup>	1
Sutvan	1
Sunvan	1
Rākṣasa<sup>2</sup>	1
Laṅku<sup>1</sup>	1
Kapālapātra	1
Bārhadbalas	1
Paraśūrāma	1
Corakādhvaryu	1
prapitāmaha	1
Medha	1
Medhatithi	1
Satyamedha	1
Pṛśni-	1
Alpamedha	1
Dīptimedha	1
Yaśomedha	1
Sthira-	1
Sarvamedha	1
Pratimedha	1
Medhavat	1
Medhaharta	1
Nidhurva	1
Kuṇḍa	1
pāyins	1
Sumhas<sup>1</sup>	1
Rucī	1
Suyamas	1
Uśīnaras	1
Sangata	1
Daśaratha-	1
Kakutstha	1
Duryodhana<sup>1</sup>	1
akṣauhinis<sup>2</sup>	1
Kuṇḍaka	1
Vṛṣodakṣa	1
Vam-	1
śaukasārā<sup>1</sup>	1
Vāsukī	1
Indrānī	1
Karālaka	1
Vindhyas-	1
gauḍī	1
paiṣtī	1
mādhvī	1
kādambarī	1
Haitālī	1
lāṅgaleyā	1
tālajāta	1
kalpavṛkṣa	1
Kacas	1
Sūkara	1
Uttama<sup>1</sup>	1
Sunīti<sup>3</sup>	1
āśvayuja	1
Kṣatrapraṇetara	1
Ṛtusāvarṇa	1
Arcalā	1
Savālā	1
Raudritanu	1
Mahādeva-	1
Prācīna	1
Suvarṇas	1
Cītraka	1
Skandha	1
Sāsaṇa	1
Rājavardhana	1
Kṣemya-	1
Dhamasūtra	1
Darvā	1
Darśa-	1
Ambaṣṭa	1
Savarnas<sup>2</sup>	1
Trigarttas	1
jātīya	1
Balipucchaka	1
Purañjaya-	1
Dṛḍha-	1
Subhāṣa-	1
Śucidratha	1
Trasa	1
Prasuśrutaka	1
Amarṣa	1
Asamanja	1
Kāmadughā	1
Gṛtsamada-	1
Sudhanus	1
Vijayī-	1
Kāñcanaprabha	1
Durmukha	1
Bālaya	1
Yogaiśvarya	1
Pañcabhūtāmtaka	1
ahaṅkāra	1
Prasthūla	1
bhāva	1
mālinī	1
Sattama	1
Brahmasuta<sup>3</sup>	1
somayāga	1
sūti-	1
karmā	1
Śāmśapāyana	1
Laukīkya	1
Rukmīṇīs	1
Haihaya<sup>2</sup>	1
Prad-	1
Śambara<sup>2</sup>	1
Parturition’	1
Brahmasuta	1
Kaṇḍani	1
peṣaṇī	1
cullī	1
jalakumbhī	1
pramārjanī	1
Svadhāmā	1
Uttānapāda<sup>1</sup>	1
Meṣa	1
Tulā	1
Vṛścika	1
Sixtythousand	1
Ilāvṛtam<sup>4</sup>	1
Ravi<sup>5</sup>	1
Ama-	1
rāvatī	1
Vibhā	1
Twelve-fold	1
ātma	1
Yuvati	1
Satrājit<sup>9</sup>	1
Kālanemi<sup>14</sup>	1
Yami	1
Vivasvan<sup>1</sup>	1
Baḍavā	1
Tapati	1
Agni<sup>9</sup>	1
sthāvaras<sup>10</sup>	1
Bhaviṣya<sup>11</sup>	1
Hastam	1
Bhaga<sup>14</sup>	1
Brahmans<sup>16</sup>	1
Sangameśvaram	1
Panguni<sup>2</sup>	1
Phāl-	1
Kālanarala	1
Rāṣṭrapālī	1
Dhanu	1
Vastāvara	1
pāla<sup>3</sup>	1
P<sup>1</sup>	1
Sānkhya<sup>3</sup>	1
Ārabdha	1
Aśvajit	1
Viśvajit-	1
prayāta	1
Śrutamjaya<sup>2</sup>	1
Cāmu-	1
nātha<sup>3</sup>	1
Prāṇins	1
prākāras<sup>2</sup>	1
Jayadratha<sup>2</sup>	1
Sud-	1
Sin-	1
Muñjakeśa	1
Śuneka	1
Jamadagni<sup>1</sup>	1
Śrīpīṭha	1
Vārkṣī	1
Rājā	1
Śālmalidvīpa<sup>4</sup>	1
Brahmans<sup>3</sup>	1
Urmī	1
Kalila	1
Pṛṣarṭa	1
Śākadvīpa-	1
Janamejaya-<sup>1</sup>	1
Marīcis	1
Devapitṛs	1
Madirāsīndhu	1
Kaṭheśvaram	1
Kings<sup>1</sup>	1
Parijātaśilā	1
Vājaśravas	1
Vājaśravas<sup>2</sup>	1
Śrutaśravas<sup>1</sup>	1
Varārohā	1
Kalmāṣānghri	1
Kalmāṣapāda-	1
dhātri	1
Vaikhānasabhikṣu	1
Sata-	1
rasarāja	1
niṣpāva	1
jāji	1
dhānyakam	1
gokṣīram	1
Vidyādharagaṇa	1
Purindrasena	1
Ucānam	1
maṇ-	1
ḍalam	1
Ṛtvas	1
Śanaiscara	1
sthānam	1
mānam	1
Hāstinapura<sup>3</sup>	1
Angārakagraha<sup>2</sup>	1
Kārti-	1
Naiṛṛtas<sup>9</sup>	1
Pārvatīya	1
Mīna	1
Śivahood	1
pralīnaka	1
vaṭa	1
punnāga	1
aśoka	1
śamī	1
śilaka	1
dāḍimī	1
pippalī	1
drākṣa	1
jambīru	1
pūga	1
jāti-saroja	1
śatapatrika	1
nārikela	1
kadalī	1
Bhāgini	1
Dadhīca	1
ābhi-	1
Vīraka<sup>3</sup>	1
Ṣanmukha	1
Tārakāvadha<sup>4</sup>	1
Bandies<sup>5</sup>	1
Hiraṇyakaśipu<sup>6</sup>	1
Śankara<sup>7</sup>	1
Aditi<sup>8</sup>	1
Prahlāda<sup>9</sup>	1
Brahmā<sup>10</sup>	1
Mādhavīya<sup>11</sup>	1
Amṛthamathana<sup>12</sup>	1
Prithivī<sup>1</sup>	1
Dhruva<sup>4</sup>	1
Pracetasas<sup>5</sup>	1
Prahlāda<sup>6</sup>	1
Devas<sup>7</sup>	1
Kāliyas	1
Kṛṣṇa<sup>9</sup>	1
Kāliya<sup>10</sup>	1
Nārada<sup>11</sup>	1
Akrūra<sup>12</sup>	1
Mucukunda<sup>14</sup>	1
kuṇḍala	1
Brahmacārin<sup>2</sup>	1
Keśaśūla	1
Tripura<sup>3</sup>	1
Ekāśiladeśa	1
Pāṇḍura	1
nyagrodhā	1
Śukha	1
Kālakūṭa<sup>2</sup>	1
sthā	1
Mahadeva	1
ūrdva	1
brahmacāris	1
vairāgya	1
sthāṇu<sup>2</sup>	1
Udumbara	1
mantrayajña	1
tarpaṇam	1
Hemanta<sup>2</sup>	1
Pauṣya	1
ācāralakṣaṇa	1
smārta<sup>1</sup>	1
varnāśrama<sup>2</sup>	1
Kīrtimat<sup>2</sup>	1
Satrā-	1
Jāmbavā	1
Śrīphalam	1
Śakadvīpa<sup>1</sup>	1
Agnīs	1
Pitṛs-	1
Vayunā	1
Menā-	1
Dhāriṇī	1
vadīns	1
Somapas<sup>2</sup>	1
Satyasaha	1
svādha	1
śuklapakṣa	1
Kāśirājas	1
Bhangakāra<sup>2</sup>	1
guṇas<sup>1</sup>	1
Sini	1
Pratikṣipta-	1
grāmās	1
tānas	1
tālas-	1
Jāmi	1
hrīḥ	1
ārjavam	1
Śibi<sup>3</sup>	1
Agastya<sup>5</sup>	1
Svarlokam	1
ājya	1
Viṣṇusthānam	1
Mahasoman	1
Mahāromṇa-	1
Prabhā-<sup>1</sup>	1
Daitya<sup>2</sup>	1
raṇi	1
Virocana<sup>4</sup>	1
Bṛhadsthānam	1
Pus-	1
pārṇa	1
mahātalam	1
Dakṣina	1
Dhvajinīvan	1
Ruśanku	1
lokāloka	1
aṇḍakaṭaha<sup>2</sup>	1
Aṅga<sup>3</sup>	1
Śatarūpā<sup>5</sup>	1
Paśupati-Agni	1
Māheśvarapura	1
Svairatha<sup>1</sup>	1
dvīpam<sup>2</sup>	1
pādukā<sup>1</sup>	1
Śanaka	1
Sādhya<sup>1</sup>	1
Nṛmahiṣa	1
Bhārgava<sup>1</sup>	1
Bhāgīratī	1
Prayagā	1
Nalinī<sup>2</sup>	1
Ekārṇava	1
Āraṇyakas	1
Puruṣoyajña	1
Vedamaya	1
Hṛṣikeśa	1
Padmavīdhi	1
Śataji-	1
Hayaśīrṣa	1
Bhadraśravas	1
Half-man	1
Rasātala<sup>1</sup>	1
Kāncī	1
Akṣavalaya	1
Pustaka	1
prāgjyotiṣa	1
Vājimedha<sup>1</sup>	1
Gayāśīlā	1
Pitṛ<sup>2</sup>	1
Sagara<sup>5</sup>	1
Aśvaśikṣā	1
Cāriṣṇāva	1
Kuntī<sup>2</sup>	1
Hāstinapura<sup>4</sup>	1
Śuka<sup>5</sup>	1
Brahmā<sup>6</sup>	1
Devahūtī<sup>8</sup>	1
Sunīti<sup>10</sup>	1
Pṛthu<sup>12</sup>	1
Pracetasas<sup>13</sup>	1
Nārada<sup>14</sup>	1
Pracetasas<sup>15</sup>	1
mokṣa<sup>16</sup>	1
Svāyambhuva<sup>17</sup>	1
Gajendra<sup>18</sup>	1
Brahmā<sup>19</sup>	1
Śiva<sup>20</sup>	1
Aditi<sup>21</sup>	1
Prahlāda<sup>23</sup>	1
Satyavrata<sup>24</sup>	1
Upaniṣadic	1
Garuḍa<sup>26</sup>	1
Mucukunda<sup>27</sup>	1
Jāmbavat<sup>28</sup>	1
Akrūra<sup>29</sup>	1
Naraka<sup>30</sup>	1
Rukmiṇī<sup>31</sup>	1
Indra<sup>32</sup>	1
Nṛga<sup>33</sup>	1
Rudra<sup>34</sup>	1
Mathurā<sup>35</sup>	1
Draviḍa<sup>36</sup>	1
Nārada<sup>37</sup>	1
Yudhiṣṭira<sup>39</sup>	1
Ṛṣis<sup>40</sup>	1
Bali<sup>41</sup>	1
Bahulāśva<sup>42</sup>	1
Śrutadeva<sup>43</sup>	1
Śrutis	1
Śrutigīti<sup>44</sup>	1
Brahmā<sup>46</sup>	1
Uddhava<sup>47</sup>	1
Maṇigrīva<sup>48</sup>	1
Gopigītā<sup>50</sup>	1
Indra<sup>51</sup>	1
praṇāma	1
Śaṅkara<sup>4</sup>	1
Bhāgavatottama	1
Nirguṇa	1
cārin	1
Vibhūtis	1
sūrya	1
sabhās	1
Yudhiṣṭira<sup>6</sup>	1
Ariṣtasena	1
Kimpuruṣa<sup>9</sup>	1
Śuka<sup>10</sup>	1
Uddhava<sup>11</sup>	1
Ganeśvara	1
Annada	1
Kailās	1
Śripuram	1
Śrīdāman	1
Harideśa	1
Agnidhra	1
Uttaraśveta	1
Rohitāśva-	1
Cancu-	1
Ṛthusāvarṇa	1
Ilasudyumna	1
Hariṇāśva	1
Pulkaśa	1
samsāra<sup>1</sup>	1
Satyaratā	1
Concern-	1
Ajiganta	1
Rohita<sup>1</sup>	1
Candrikā	1
Pramoda	1
Trasadaśva	1
Asiaknī	1
Supārā	1
Śikhaṇḍini	1
Āgneyī-Dhiṣaṇā	1
Kardamā	1
Sva-	1
Manivaha	1
Kurumottara	1
Modālla	1
Mahādrumga	1
Saharakṣa	1
Havyas	1
Hohīya	1
Asamsṛṣṭa	1
Śāmitra	1
Hāstinapura<sup>1</sup>	1
Lalīṭā	1
pīṭha<sup>2</sup>	1
Jayanti<sup>3</sup>	1
Gajavaidyaka	1
Hāṭakeśvara	1
Hāritas	1
pañcasaptaka	1
Pārvatis	1
Mahendra<sup>2</sup>	1
Palalaka	1
Anuhrādas	1
Gajāhva<sup>1</sup>	1
Parīkṣit<sup>9</sup>	1
śuci	1
śukra<sup>2</sup>	1
Menas	1
Krauñja	1
Himagiri	1
Himācala	1
Suṣumṇa<sup>3</sup>	1
Yakṣas<sup>8</sup>	1
Himādri	1
Nābhī	1
Himākhyam<sup>1</sup>	1
Nikṛti<sup>1</sup>	1
Paśus	1
Śvetavarṣa	1
Ramya<sup>1</sup>	1
Kayādhu<sup>1</sup>	1
Hiraṇyākṣas	1
Yogamāyās	1
Hotṛ	1
aurvimāyā	1
Tāmaśi-	1
māyā<sup>11</sup>	1
Viṣṇu<sup>13</sup>	1
Viṣṇu<sup>14</sup>	1
Yogaśāstra<sup>2</sup>	1
Jaimini-<sup>2</sup>	1
Prācyasāma	1
East<sup>3</sup>	1
Sāmasamhitā	1
Prācya-	1
sāmas	1
Kārtasāmagas<sup>4</sup>	1
Jaiminis	1
Kauśilya	1
śiṣyas	1
Sāmasam-	1
hitās	1
Jatāmāli	1
Nīvātakavacas<sup>1</sup>	1
Vaiśvanara<sup>4</sup>	1
Kuśad-	1
Parjanyaprajāpati	1
Ādī-	1
Danta-	1
Bhūtasantāpana<sup>5</sup>	1
Varāha-	1
viṣṇu	1
Śakadvīpa<sup>6</sup>	1
Śūrabhūmī	1
Syāmaka	1
Devajānī	1
sāhva	1
Hairanvatīnadī	1
vīrya<sup>4</sup>	1
Humbeka	1
Hulumallaka	1
Jaṭharāgni	1
Mṛtyumān	1
Svayambhoja	1
Siddhas<sup>2</sup>	1
Hṛṣīka	1
Indriya	1
Īśa<sup>4</sup>	1
Bhadrāśva<sup>5</sup>	1
ādigadā-	1
Madhu<sup>3</sup>	1
Jains<sup>1</sup>	1
Ruśadratha	1
Uśadratha-	1
dvīpa<sup>4</sup>	1
Triśṛṅga	1
Sahasya<sup>2</sup>	1
Sahaśrī	1
Sahasyaśrī	1
nālikoccaya	1
Mahāgaṇapati	1
Bhī-	1
Bhāratam	1
Akṣayāśra	1
Śṛṅga-	1
Sataji-	1
Dharmanetra-	1
Dharmatantra-	1
Tuṇḍikaras	1
Tālajanghas<sup>2</sup>	1
Śiśunāgas<sup>3</sup>	1
Śaryātas	1
Kuṇḍikeras<sup>5</sup>	1
Prativindhyas	1
Bāhu<sup>2</sup>	1
yajña<sup>1</sup>	1
Ṛk<sup>1</sup>	1
Sariddhaja	1
Hrada	1
Āplādinī	1
Praśraya<sup>1</sup>	1
Dhī-	1
Ṛṣikam	1
Nīlamukha	1
Kakara	1
Oṣṭakarṇa	1
Kalodara	1
Vivarṇa	1
Svarṇabhūmika	1
Upaka	1
RAMACHANDRA	1
DIKSHITAR	1
